[0.058s] DEBUG:colcon:Command line arguments: ['/usr/bin/colcon', 'build']
[0.058s] DEBUG:colcon:Parsed command line arguments: Namespace(log_base=None, log_level=None, verb_name='build', build_base='build', install_base='install', merge_install=False, symlink_install=False, test_result_base=None, continue_on_error=False, executor='parallel', parallel_workers=16, event_handlers=None, ignore_user_meta=False, metas=['./colcon.meta'], base_paths=['.'], packages_ignore=None, packages_ignore_regex=None, paths=None, packages_up_to=None, packages_up_to_regex=None, packages_above=None, packages_above_and_dependencies=None, packages_above_depth=None, packages_select_by_dep=None, packages_skip_by_dep=None, packages_skip_up_to=None, packages_select_build_failed=False, packages_skip_build_finished=False, packages_select_test_failures=False, packages_skip_test_passed=False, packages_select=None, packages_skip=None, packages_select_regex=None, packages_skip_regex=None, packages_start=None, packages_end=None, allow_overriding=[], cmake_args=None, cmake_target=None, cmake_target_skip_unavailable=False, cmake_clean_cache=False, cmake_clean_first=False, cmake_force_configure=False, ament_cmake_args=None, catkin_cmake_args=None, catkin_skip_building_tests=False, mixin_files=None, mixin=None, verb_parser=<colcon_mixin.mixin.mixin_argument.MixinArgumentDecorator object at 0x7df688899b20>, verb_extension=<colcon_core.verb.build.BuildVerb object at 0x7df6889ca120>, main=<bound method BuildVerb.main of <colcon_core.verb.build.BuildVerb object at 0x7df6889ca120>>, mixin_verb=('build',))
[0.080s] Level 1:colcon.colcon_core.package_discovery:discover_packages(colcon_meta) check parameters
[0.080s] Level 1:colcon.colcon_core.package_discovery:discover_packages(recursive) check parameters
[0.080s] Level 1:colcon.colcon_core.package_discovery:discover_packages(ignore) check parameters
[0.080s] Level 1:colcon.colcon_core.package_discovery:discover_packages(path) check parameters
[0.080s] Level 1:colcon.colcon_core.package_discovery:discover_packages(colcon_meta) discover
[0.080s] Level 1:colcon.colcon_core.package_discovery:discover_packages(recursive) discover
[0.080s] INFO:colcon.colcon_core.package_discovery:Crawling recursively for packages in '/home/piotr/ros2_ws'
[0.080s] Level 1:colcon.colcon_core.package_identification:_identify(.) by extensions ['ignore', 'ignore_ament_install']
[0.080s] Level 1:colcon.colcon_core.package_identification:_identify(.) by extension 'ignore'
[0.080s] Level 1:colcon.colcon_core.package_identification:_identify(.) by extension 'ignore_ament_install'
[0.080s] Level 1:colcon.colcon_core.package_identification:_identify(.) by extensions ['colcon_pkg']
[0.080s] Level 1:colcon.colcon_core.package_identification:_identify(.) by extension 'colcon_pkg'
[0.080s] Level 1:colcon.colcon_core.package_identification:_identify(.) by extensions ['colcon_meta']
[0.080s] Level 1:colcon.colcon_core.package_identification:_identify(.) by extension 'colcon_meta'
[0.080s] Level 1:colcon.colcon_core.package_identification:_identify(.) by extensions ['ros']
[0.080s] Level 1:colcon.colcon_core.package_identification:_identify(.) by extension 'ros'
[0.094s] Level 1:colcon.colcon_core.package_identification:_identify(.) by extensions ['cmake', 'python']
[0.094s] Level 1:colcon.colcon_core.package_identification:_identify(.) by extension 'cmake'
[0.094s] Level 1:colcon.colcon_core.package_identification:_identify(.) by extension 'python'
[0.094s] Level 1:colcon.colcon_core.package_identification:_identify(.) by extensions ['python_setup_py']
[0.094s] Level 1:colcon.colcon_core.package_identification:_identify(.) by extension 'python_setup_py'
[0.094s] Level 1:colcon.colcon_core.package_identification:_identify(build) by extensions ['ignore', 'ignore_ament_install']
[0.094s] Level 1:colcon.colcon_core.package_identification:_identify(build) by extension 'ignore'
[0.094s] Level 1:colcon.colcon_core.package_identification:_identify(build) ignored
[0.094s] Level 1:colcon.colcon_core.package_identification:_identify(install) by extensions ['ignore', 'ignore_ament_install']
[0.094s] Level 1:colcon.colcon_core.package_identification:_identify(install) by extension 'ignore'
[0.094s] Level 1:colcon.colcon_core.package_identification:_identify(install) ignored
[0.094s] Level 1:colcon.colcon_core.package_identification:_identify(log) by extensions ['ignore', 'ignore_ament_install']
[0.094s] Level 1:colcon.colcon_core.package_identification:_identify(log) by extension 'ignore'
[0.094s] Level 1:colcon.colcon_core.package_identification:_identify(log) ignored
[0.094s] Level 1:colcon.colcon_core.package_identification:_identify(src) by extensions ['ignore', 'ignore_ament_install']
[0.094s] Level 1:colcon.colcon_core.package_identification:_identify(src) by extension 'ignore'
[0.094s] Level 1:colcon.colcon_core.package_identification:_identify(src) by extension 'ignore_ament_install'
[0.094s] Level 1:colcon.colcon_core.package_identification:_identify(src) by extensions ['colcon_pkg']
[0.094s] Level 1:colcon.colcon_core.package_identification:_identify(src) by extension 'colcon_pkg'
[0.095s] Level 1:colcon.colcon_core.package_identification:_identify(src) by extensions ['colcon_meta']
[0.095s] Level 1:colcon.colcon_core.package_identification:_identify(src) by extension 'colcon_meta'
[0.095s] Level 1:colcon.colcon_core.package_identification:_identify(src) by extensions ['ros']
[0.095s] Level 1:colcon.colcon_core.package_identification:_identify(src) by extension 'ros'
[0.095s] Level 1:colcon.colcon_core.package_identification:_identify(src) by extensions ['cmake', 'python']
[0.095s] Level 1:colcon.colcon_core.package_identification:_identify(src) by extension 'cmake'
[0.095s] Level 1:colcon.colcon_core.package_identification:_identify(src) by extension 'python'
[0.095s] Level 1:colcon.colcon_core.package_identification:_identify(src) by extensions ['python_setup_py']
[0.095s] Level 1:colcon.colcon_core.package_identification:_identify(src) by extension 'python_setup_py'
[0.095s] Level 1:colcon.colcon_core.package_identification:_identify(src/mycobot_ros2) by extensions ['ignore', 'ignore_ament_install']
[0.095s] Level 1:colcon.colcon_core.package_identification:_identify(src/mycobot_ros2) by extension 'ignore'
[0.095s] Level 1:colcon.colcon_core.package_identification:_identify(src/mycobot_ros2) by extension 'ignore_ament_install'
[0.095s] Level 1:colcon.colcon_core.package_identification:_identify(src/mycobot_ros2) by extensions ['colcon_pkg']
[0.095s] Level 1:colcon.colcon_core.package_identification:_identify(src/mycobot_ros2) by extension 'colcon_pkg'
[0.095s] Level 1:colcon.colcon_core.package_identification:_identify(src/mycobot_ros2) by extensions ['colcon_meta']
[0.095s] Level 1:colcon.colcon_core.package_identification:_identify(src/mycobot_ros2) by extension 'colcon_meta'
[0.095s] Level 1:colcon.colcon_core.package_identification:_identify(src/mycobot_ros2) by extensions ['ros']
[0.095s] Level 1:colcon.colcon_core.package_identification:_identify(src/mycobot_ros2) by extension 'ros'
[0.095s] Level 1:colcon.colcon_core.package_identification:_identify(src/mycobot_ros2) by extensions ['cmake', 'python']
[0.095s] Level 1:colcon.colcon_core.package_identification:_identify(src/mycobot_ros2) by extension 'cmake'
[0.095s] Level 1:colcon.colcon_core.package_identification:_identify(src/mycobot_ros2) by extension 'python'
[0.095s] Level 1:colcon.colcon_core.package_identification:_identify(src/mycobot_ros2) by extensions ['python_setup_py']
[0.095s] Level 1:colcon.colcon_core.package_identification:_identify(src/mycobot_ros2) by extension 'python_setup_py'
[0.095s] Level 1:colcon.colcon_core.package_identification:_identify(src/mycobot_ros2/mycobot_bringup) by extensions ['ignore', 'ignore_ament_install']
[0.095s] Level 1:colcon.colcon_core.package_identification:_identify(src/mycobot_ros2/mycobot_bringup) by extension 'ignore'
[0.095s] Level 1:colcon.colcon_core.package_identification:_identify(src/mycobot_ros2/mycobot_bringup) by extension 'ignore_ament_install'
[0.095s] Level 1:colcon.colcon_core.package_identification:_identify(src/mycobot_ros2/mycobot_bringup) by extensions ['colcon_pkg']
[0.095s] Level 1:colcon.colcon_core.package_identification:_identify(src/mycobot_ros2/mycobot_bringup) by extension 'colcon_pkg'
[0.095s] Level 1:colcon.colcon_core.package_identification:_identify(src/mycobot_ros2/mycobot_bringup) by extensions ['colcon_meta']
[0.095s] Level 1:colcon.colcon_core.package_identification:_identify(src/mycobot_ros2/mycobot_bringup) by extension 'colcon_meta'
[0.095s] Level 1:colcon.colcon_core.package_identification:_identify(src/mycobot_ros2/mycobot_bringup) by extensions ['ros']
[0.095s] Level 1:colcon.colcon_core.package_identification:_identify(src/mycobot_ros2/mycobot_bringup) by extension 'ros'
[0.096s] DEBUG:colcon.colcon_core.package_identification:Package 'src/mycobot_ros2/mycobot_bringup' with type 'ros.ament_cmake' and name 'mycobot_bringup'
[0.096s] Level 1:colcon.colcon_core.package_identification:_identify(src/mycobot_ros2/mycobot_description) by extensions ['ignore', 'ignore_ament_install']
[0.096s] Level 1:colcon.colcon_core.package_identification:_identify(src/mycobot_ros2/mycobot_description) by extension 'ignore'
[0.096s] Level 1:colcon.colcon_core.package_identification:_identify(src/mycobot_ros2/mycobot_description) by extension 'ignore_ament_install'
[0.096s] Level 1:colcon.colcon_core.package_identification:_identify(src/mycobot_ros2/mycobot_description) by extensions ['colcon_pkg']
[0.097s] Level 1:colcon.colcon_core.package_identification:_identify(src/mycobot_ros2/mycobot_description) by extension 'colcon_pkg'
[0.097s] Level 1:colcon.colcon_core.package_identification:_identify(src/mycobot_ros2/mycobot_description) by extensions ['colcon_meta']
[0.097s] Level 1:colcon.colcon_core.package_identification:_identify(src/mycobot_ros2/mycobot_description) by extension 'colcon_meta'
[0.097s] Level 1:colcon.colcon_core.package_identification:_identify(src/mycobot_ros2/mycobot_description) by extensions ['ros']
[0.097s] Level 1:colcon.colcon_core.package_identification:_identify(src/mycobot_ros2/mycobot_description) by extension 'ros'
[0.097s] DEBUG:colcon.colcon_core.package_identification:Package 'src/mycobot_ros2/mycobot_description' with type 'ros.ament_cmake' and name 'mycobot_description'
[0.097s] Level 1:colcon.colcon_core.package_identification:_identify(src/mycobot_ros2/mycobot_gazebo) by extensions ['ignore', 'ignore_ament_install']
[0.097s] Level 1:colcon.colcon_core.package_identification:_identify(src/mycobot_ros2/mycobot_gazebo) by extension 'ignore'
[0.097s] Level 1:colcon.colcon_core.package_identification:_identify(src/mycobot_ros2/mycobot_gazebo) by extension 'ignore_ament_install'
[0.097s] Level 1:colcon.colcon_core.package_identification:_identify(src/mycobot_ros2/mycobot_gazebo) by extensions ['colcon_pkg']
[0.097s] Level 1:colcon.colcon_core.package_identification:_identify(src/mycobot_ros2/mycobot_gazebo) by extension 'colcon_pkg'
[0.097s] Level 1:colcon.colcon_core.package_identification:_identify(src/mycobot_ros2/mycobot_gazebo) by extensions ['colcon_meta']
[0.097s] Level 1:colcon.colcon_core.package_identification:_identify(src/mycobot_ros2/mycobot_gazebo) by extension 'colcon_meta'
[0.097s] Level 1:colcon.colcon_core.package_identification:_identify(src/mycobot_ros2/mycobot_gazebo) by extensions ['ros']
[0.097s] Level 1:colcon.colcon_core.package_identification:_identify(src/mycobot_ros2/mycobot_gazebo) by extension 'ros'
[0.098s] DEBUG:colcon.colcon_core.package_identification:Package 'src/mycobot_ros2/mycobot_gazebo' with type 'ros.ament_cmake' and name 'mycobot_gazebo'
[0.098s] Level 1:colcon.colcon_core.package_identification:_identify(src/mycobot_ros2/mycobot_moveit_config) by extensions ['ignore', 'ignore_ament_install']
[0.098s] Level 1:colcon.colcon_core.package_identification:_identify(src/mycobot_ros2/mycobot_moveit_config) by extension 'ignore'
[0.098s] Level 1:colcon.colcon_core.package_identification:_identify(src/mycobot_ros2/mycobot_moveit_config) by extension 'ignore_ament_install'
[0.098s] Level 1:colcon.colcon_core.package_identification:_identify(src/mycobot_ros2/mycobot_moveit_config) by extensions ['colcon_pkg']
[0.098s] Level 1:colcon.colcon_core.package_identification:_identify(src/mycobot_ros2/mycobot_moveit_config) by extension 'colcon_pkg'
[0.098s] Level 1:colcon.colcon_core.package_identification:_identify(src/mycobot_ros2/mycobot_moveit_config) by extensions ['colcon_meta']
[0.098s] Level 1:colcon.colcon_core.package_identification:_identify(src/mycobot_ros2/mycobot_moveit_config) by extension 'colcon_meta'
[0.098s] Level 1:colcon.colcon_core.package_identification:_identify(src/mycobot_ros2/mycobot_moveit_config) by extensions ['ros']
[0.098s] Level 1:colcon.colcon_core.package_identification:_identify(src/mycobot_ros2/mycobot_moveit_config) by extension 'ros'
[0.098s] DEBUG:colcon.colcon_core.package_identification:Package 'src/mycobot_ros2/mycobot_moveit_config' with type 'ros.ament_cmake' and name 'mycobot_moveit_config'
[0.098s] Level 1:colcon.colcon_core.package_identification:_identify(src/mycobot_ros2/mycobot_ros2) by extensions ['ignore', 'ignore_ament_install']
[0.098s] Level 1:colcon.colcon_core.package_identification:_identify(src/mycobot_ros2/mycobot_ros2) by extension 'ignore'
[0.098s] Level 1:colcon.colcon_core.package_identification:_identify(src/mycobot_ros2/mycobot_ros2) by extension 'ignore_ament_install'
[0.098s] Level 1:colcon.colcon_core.package_identification:_identify(src/mycobot_ros2/mycobot_ros2) by extensions ['colcon_pkg']
[0.098s] Level 1:colcon.colcon_core.package_identification:_identify(src/mycobot_ros2/mycobot_ros2) by extension 'colcon_pkg'
[0.098s] Level 1:colcon.colcon_core.package_identification:_identify(src/mycobot_ros2/mycobot_ros2) by extensions ['colcon_meta']
[0.098s] Level 1:colcon.colcon_core.package_identification:_identify(src/mycobot_ros2/mycobot_ros2) by extension 'colcon_meta'
[0.098s] Level 1:colcon.colcon_core.package_identification:_identify(src/mycobot_ros2/mycobot_ros2) by extensions ['ros']
[0.098s] Level 1:colcon.colcon_core.package_identification:_identify(src/mycobot_ros2/mycobot_ros2) by extension 'ros'
[0.098s] DEBUG:colcon.colcon_core.package_identification:Package 'src/mycobot_ros2/mycobot_ros2' with type 'ros.ament_cmake' and name 'mycobot_ros2'
[0.099s] Level 1:colcon.colcon_core.package_identification:_identify(src/mycobot_ros2/mycobot_system_tests) by extensions ['ignore', 'ignore_ament_install']
[0.099s] Level 1:colcon.colcon_core.package_identification:_identify(src/mycobot_ros2/mycobot_system_tests) by extension 'ignore'
[0.099s] Level 1:colcon.colcon_core.package_identification:_identify(src/mycobot_ros2/mycobot_system_tests) by extension 'ignore_ament_install'
[0.099s] Level 1:colcon.colcon_core.package_identification:_identify(src/mycobot_ros2/mycobot_system_tests) by extensions ['colcon_pkg']
[0.099s] Level 1:colcon.colcon_core.package_identification:_identify(src/mycobot_ros2/mycobot_system_tests) by extension 'colcon_pkg'
[0.099s] Level 1:colcon.colcon_core.package_identification:_identify(src/mycobot_ros2/mycobot_system_tests) by extensions ['colcon_meta']
[0.099s] Level 1:colcon.colcon_core.package_identification:_identify(src/mycobot_ros2/mycobot_system_tests) by extension 'colcon_meta'
[0.099s] Level 1:colcon.colcon_core.package_identification:_identify(src/mycobot_ros2/mycobot_system_tests) by extensions ['ros']
[0.099s] Level 1:colcon.colcon_core.package_identification:_identify(src/mycobot_ros2/mycobot_system_tests) by extension 'ros'
[0.099s] DEBUG:colcon.colcon_core.package_identification:Package 'src/mycobot_ros2/mycobot_system_tests' with type 'ros.ament_cmake' and name 'mycobot_system_tests'
[0.099s] Level 1:colcon.colcon_core.package_identification:_identify(src/yahboom_rosmaster) by extensions ['ignore', 'ignore_ament_install']
[0.099s] Level 1:colcon.colcon_core.package_identification:_identify(src/yahboom_rosmaster) by extension 'ignore'
[0.099s] Level 1:colcon.colcon_core.package_identification:_identify(src/yahboom_rosmaster) by extension 'ignore_ament_install'
[0.099s] Level 1:colcon.colcon_core.package_identification:_identify(src/yahboom_rosmaster) by extensions ['colcon_pkg']
[0.099s] Level 1:colcon.colcon_core.package_identification:_identify(src/yahboom_rosmaster) by extension 'colcon_pkg'
[0.099s] Level 1:colcon.colcon_core.package_identification:_identify(src/yahboom_rosmaster) by extensions ['colcon_meta']
[0.099s] Level 1:colcon.colcon_core.package_identification:_identify(src/yahboom_rosmaster) by extension 'colcon_meta'
[0.099s] Level 1:colcon.colcon_core.package_identification:_identify(src/yahboom_rosmaster) by extensions ['ros']
[0.099s] Level 1:colcon.colcon_core.package_identification:_identify(src/yahboom_rosmaster) by extension 'ros'
[0.099s] Level 1:colcon.colcon_core.package_identification:_identify(src/yahboom_rosmaster) by extensions ['cmake', 'python']
[0.099s] Level 1:colcon.colcon_core.package_identification:_identify(src/yahboom_rosmaster) by extension 'cmake'
[0.099s] Level 1:colcon.colcon_core.package_identification:_identify(src/yahboom_rosmaster) by extension 'python'
[0.099s] Level 1:colcon.colcon_core.package_identification:_identify(src/yahboom_rosmaster) by extensions ['python_setup_py']
[0.099s] Level 1:colcon.colcon_core.package_identification:_identify(src/yahboom_rosmaster) by extension 'python_setup_py'
[0.099s] Level 1:colcon.colcon_core.package_identification:_identify(src/yahboom_rosmaster/yahboom_rosmaster) by extensions ['ignore', 'ignore_ament_install']
[0.099s] Level 1:colcon.colcon_core.package_identification:_identify(src/yahboom_rosmaster/yahboom_rosmaster) by extension 'ignore'
[0.099s] Level 1:colcon.colcon_core.package_identification:_identify(src/yahboom_rosmaster/yahboom_rosmaster) by extension 'ignore_ament_install'
[0.099s] Level 1:colcon.colcon_core.package_identification:_identify(src/yahboom_rosmaster/yahboom_rosmaster) by extensions ['colcon_pkg']
[0.099s] Level 1:colcon.colcon_core.package_identification:_identify(src/yahboom_rosmaster/yahboom_rosmaster) by extension 'colcon_pkg'
[0.099s] Level 1:colcon.colcon_core.package_identification:_identify(src/yahboom_rosmaster/yahboom_rosmaster) by extensions ['colcon_meta']
[0.099s] Level 1:colcon.colcon_core.package_identification:_identify(src/yahboom_rosmaster/yahboom_rosmaster) by extension 'colcon_meta'
[0.099s] Level 1:colcon.colcon_core.package_identification:_identify(src/yahboom_rosmaster/yahboom_rosmaster) by extensions ['ros']
[0.099s] Level 1:colcon.colcon_core.package_identification:_identify(src/yahboom_rosmaster/yahboom_rosmaster) by extension 'ros'
[0.100s] DEBUG:colcon.colcon_core.package_identification:Package 'src/yahboom_rosmaster/yahboom_rosmaster' with type 'ros.ament_cmake' and name 'yahboom_rosmaster'
[0.100s] Level 1:colcon.colcon_core.package_identification:_identify(src/yahboom_rosmaster/yahboom_rosmaster_bringup) by extensions ['ignore', 'ignore_ament_install']
[0.100s] Level 1:colcon.colcon_core.package_identification:_identify(src/yahboom_rosmaster/yahboom_rosmaster_bringup) by extension 'ignore'
[0.100s] Level 1:colcon.colcon_core.package_identification:_identify(src/yahboom_rosmaster/yahboom_rosmaster_bringup) by extension 'ignore_ament_install'
[0.100s] Level 1:colcon.colcon_core.package_identification:_identify(src/yahboom_rosmaster/yahboom_rosmaster_bringup) by extensions ['colcon_pkg']
[0.100s] Level 1:colcon.colcon_core.package_identification:_identify(src/yahboom_rosmaster/yahboom_rosmaster_bringup) by extension 'colcon_pkg'
[0.100s] Level 1:colcon.colcon_core.package_identification:_identify(src/yahboom_rosmaster/yahboom_rosmaster_bringup) by extensions ['colcon_meta']
[0.100s] Level 1:colcon.colcon_core.package_identification:_identify(src/yahboom_rosmaster/yahboom_rosmaster_bringup) by extension 'colcon_meta'
[0.100s] Level 1:colcon.colcon_core.package_identification:_identify(src/yahboom_rosmaster/yahboom_rosmaster_bringup) by extensions ['ros']
[0.100s] Level 1:colcon.colcon_core.package_identification:_identify(src/yahboom_rosmaster/yahboom_rosmaster_bringup) by extension 'ros'
[0.100s] DEBUG:colcon.colcon_core.package_identification:Package 'src/yahboom_rosmaster/yahboom_rosmaster_bringup' with type 'ros.ament_cmake' and name 'yahboom_rosmaster_bringup'
[0.100s] Level 1:colcon.colcon_core.package_identification:_identify(src/yahboom_rosmaster/yahboom_rosmaster_description) by extensions ['ignore', 'ignore_ament_install']
[0.100s] Level 1:colcon.colcon_core.package_identification:_identify(src/yahboom_rosmaster/yahboom_rosmaster_description) by extension 'ignore'
[0.100s] Level 1:colcon.colcon_core.package_identification:_identify(src/yahboom_rosmaster/yahboom_rosmaster_description) by extension 'ignore_ament_install'
[0.100s] Level 1:colcon.colcon_core.package_identification:_identify(src/yahboom_rosmaster/yahboom_rosmaster_description) by extensions ['colcon_pkg']
[0.100s] Level 1:colcon.colcon_core.package_identification:_identify(src/yahboom_rosmaster/yahboom_rosmaster_description) by extension 'colcon_pkg'
[0.100s] Level 1:colcon.colcon_core.package_identification:_identify(src/yahboom_rosmaster/yahboom_rosmaster_description) by extensions ['colcon_meta']
[0.100s] Level 1:colcon.colcon_core.package_identification:_identify(src/yahboom_rosmaster/yahboom_rosmaster_description) by extension 'colcon_meta'
[0.100s] Level 1:colcon.colcon_core.package_identification:_identify(src/yahboom_rosmaster/yahboom_rosmaster_description) by extensions ['ros']
[0.100s] Level 1:colcon.colcon_core.package_identification:_identify(src/yahboom_rosmaster/yahboom_rosmaster_description) by extension 'ros'
[0.100s] DEBUG:colcon.colcon_core.package_identification:Package 'src/yahboom_rosmaster/yahboom_rosmaster_description' with type 'ros.ament_cmake' and name 'yahboom_rosmaster_description'
[0.100s] Level 1:colcon.colcon_core.package_identification:_identify(src/yahboom_rosmaster/yahboom_rosmaster_gazebo) by extensions ['ignore', 'ignore_ament_install']
[0.100s] Level 1:colcon.colcon_core.package_identification:_identify(src/yahboom_rosmaster/yahboom_rosmaster_gazebo) by extension 'ignore'
[0.100s] Level 1:colcon.colcon_core.package_identification:_identify(src/yahboom_rosmaster/yahboom_rosmaster_gazebo) by extension 'ignore_ament_install'
[0.100s] Level 1:colcon.colcon_core.package_identification:_identify(src/yahboom_rosmaster/yahboom_rosmaster_gazebo) by extensions ['colcon_pkg']
[0.100s] Level 1:colcon.colcon_core.package_identification:_identify(src/yahboom_rosmaster/yahboom_rosmaster_gazebo) by extension 'colcon_pkg'
[0.100s] Level 1:colcon.colcon_core.package_identification:_identify(src/yahboom_rosmaster/yahboom_rosmaster_gazebo) by extensions ['colcon_meta']
[0.100s] Level 1:colcon.colcon_core.package_identification:_identify(src/yahboom_rosmaster/yahboom_rosmaster_gazebo) by extension 'colcon_meta'
[0.100s] Level 1:colcon.colcon_core.package_identification:_identify(src/yahboom_rosmaster/yahboom_rosmaster_gazebo) by extensions ['ros']
[0.100s] Level 1:colcon.colcon_core.package_identification:_identify(src/yahboom_rosmaster/yahboom_rosmaster_gazebo) by extension 'ros'
[0.101s] DEBUG:colcon.colcon_core.package_identification:Package 'src/yahboom_rosmaster/yahboom_rosmaster_gazebo' with type 'ros.ament_cmake' and name 'yahboom_rosmaster_gazebo'
[0.101s] Level 1:colcon.colcon_core.package_identification:_identify(src/yahboom_rosmaster/yahboom_rosmaster_system_tests) by extensions ['ignore', 'ignore_ament_install']
[0.101s] Level 1:colcon.colcon_core.package_identification:_identify(src/yahboom_rosmaster/yahboom_rosmaster_system_tests) by extension 'ignore'
[0.101s] Level 1:colcon.colcon_core.package_identification:_identify(src/yahboom_rosmaster/yahboom_rosmaster_system_tests) by extension 'ignore_ament_install'
[0.101s] Level 1:colcon.colcon_core.package_identification:_identify(src/yahboom_rosmaster/yahboom_rosmaster_system_tests) by extensions ['colcon_pkg']
[0.101s] Level 1:colcon.colcon_core.package_identification:_identify(src/yahboom_rosmaster/yahboom_rosmaster_system_tests) by extension 'colcon_pkg'
[0.101s] Level 1:colcon.colcon_core.package_identification:_identify(src/yahboom_rosmaster/yahboom_rosmaster_system_tests) by extensions ['colcon_meta']
[0.101s] Level 1:colcon.colcon_core.package_identification:_identify(src/yahboom_rosmaster/yahboom_rosmaster_system_tests) by extension 'colcon_meta'
[0.101s] Level 1:colcon.colcon_core.package_identification:_identify(src/yahboom_rosmaster/yahboom_rosmaster_system_tests) by extensions ['ros']
[0.101s] Level 1:colcon.colcon_core.package_identification:_identify(src/yahboom_rosmaster/yahboom_rosmaster_system_tests) by extension 'ros'
[0.102s] DEBUG:colcon.colcon_core.package_identification:Package 'src/yahboom_rosmaster/yahboom_rosmaster_system_tests' with type 'ros.ament_cmake' and name 'yahboom_rosmaster_system_tests'
[0.102s] Level 1:colcon.colcon_core.package_discovery:discover_packages(recursive) using defaults
[0.102s] Level 1:colcon.colcon_core.package_discovery:discover_packages(ignore) discover
[0.102s] Level 1:colcon.colcon_core.package_discovery:discover_packages(ignore) using defaults
[0.102s] Level 1:colcon.colcon_core.package_discovery:discover_packages(path) discover
[0.102s] Level 1:colcon.colcon_core.package_discovery:discover_packages(path) using defaults
[0.112s] Level 1:colcon.colcon_core.package_discovery:discover_packages(prefix_path) check parameters
[0.112s] Level 1:colcon.colcon_core.package_discovery:discover_packages(prefix_path) discover
[0.112s] WARNING:colcon.colcon_ros.prefix_path.ament:The path '/home/piotr/ros2_ws/install/yahboom_rosmaster' in the environment variable AMENT_PREFIX_PATH doesn't exist
[0.112s] WARNING:colcon.colcon_ros.prefix_path.ament:The path '/home/piotr/ros2_ws/install/yahboom_rosmaster_description' in the environment variable AMENT_PREFIX_PATH doesn't exist
[0.112s] WARNING:colcon.colcon_ros.prefix_path.ament:The path '/home/piotr/ros2_ws/install/mycobot_ros2' in the environment variable AMENT_PREFIX_PATH doesn't exist
[0.112s] WARNING:colcon.colcon_ros.prefix_path.ament:The path '/home/piotr/ros2_ws/install/mycobot_system_tests' in the environment variable AMENT_PREFIX_PATH doesn't exist
[0.112s] WARNING:colcon.colcon_ros.prefix_path.ament:The path '/home/piotr/ros2_ws/install/mycobot_moveit_config' in the environment variable AMENT_PREFIX_PATH doesn't exist
[0.112s] WARNING:colcon.colcon_ros.prefix_path.ament:The path '/home/piotr/ros2_ws/install/mycobot_gazebo' in the environment variable AMENT_PREFIX_PATH doesn't exist
[0.112s] WARNING:colcon.colcon_ros.prefix_path.ament:The path '/home/piotr/ros2_ws/install/mycobot_description' in the environment variable AMENT_PREFIX_PATH doesn't exist
[0.112s] WARNING:colcon.colcon_ros.prefix_path.ament:The path '/home/piotr/ros2_ws/install/mycobot_bringup' in the environment variable AMENT_PREFIX_PATH doesn't exist
[0.112s] WARNING:colcon.colcon_ros.prefix_path.catkin:The path '/home/piotr/ros2_ws/install/yahboom_rosmaster' in the environment variable CMAKE_PREFIX_PATH doesn't exist
[0.112s] WARNING:colcon.colcon_ros.prefix_path.catkin:The path '/home/piotr/ros2_ws/install/yahboom_rosmaster_description' in the environment variable CMAKE_PREFIX_PATH doesn't exist
[0.112s] WARNING:colcon.colcon_ros.prefix_path.catkin:The path '/home/piotr/ros2_ws/install/mycobot_ros2' in the environment variable CMAKE_PREFIX_PATH doesn't exist
[0.112s] WARNING:colcon.colcon_ros.prefix_path.catkin:The path '/home/piotr/ros2_ws/install/mycobot_system_tests' in the environment variable CMAKE_PREFIX_PATH doesn't exist
[0.112s] WARNING:colcon.colcon_ros.prefix_path.catkin:The path '/home/piotr/ros2_ws/install/mycobot_moveit_config' in the environment variable CMAKE_PREFIX_PATH doesn't exist
[0.112s] WARNING:colcon.colcon_ros.prefix_path.catkin:The path '/home/piotr/ros2_ws/install/mycobot_gazebo' in the environment variable CMAKE_PREFIX_PATH doesn't exist
[0.112s] WARNING:colcon.colcon_ros.prefix_path.catkin:The path '/home/piotr/ros2_ws/install/mycobot_description' in the environment variable CMAKE_PREFIX_PATH doesn't exist
[0.112s] WARNING:colcon.colcon_ros.prefix_path.catkin:The path '/home/piotr/ros2_ws/install/mycobot_bringup' in the environment variable CMAKE_PREFIX_PATH doesn't exist
[0.113s] DEBUG:colcon.colcon_installed_package_information.package_discovery:Found 0 installed packages in /home/piotr/ros2_ws/install
[0.116s] DEBUG:colcon.colcon_installed_package_information.package_discovery:Found 427 installed packages in /opt/ros/jazzy
[0.117s] Level 1:colcon.colcon_core.package_discovery:discover_packages(prefix_path) using defaults
[0.149s] Level 5:colcon.colcon_core.verb:set package 'mycobot_bringup' build argument 'cmake_args' from command line to 'None'
[0.149s] Level 5:colcon.colcon_core.verb:set package 'mycobot_bringup' build argument 'cmake_target' from command line to 'None'
[0.149s] Level 5:colcon.colcon_core.verb:set package 'mycobot_bringup' build argument 'cmake_target_skip_unavailable' from command line to 'False'
[0.149s] Level 5:colcon.colcon_core.verb:set package 'mycobot_bringup' build argument 'cmake_clean_cache' from command line to 'False'
[0.149s] Level 5:colcon.colcon_core.verb:set package 'mycobot_bringup' build argument 'cmake_clean_first' from command line to 'False'
[0.149s] Level 5:colcon.colcon_core.verb:set package 'mycobot_bringup' build argument 'cmake_force_configure' from command line to 'False'
[0.149s] Level 5:colcon.colcon_core.verb:set package 'mycobot_bringup' build argument 'ament_cmake_args' from command line to 'None'
[0.149s] Level 5:colcon.colcon_core.verb:set package 'mycobot_bringup' build argument 'catkin_cmake_args' from command line to 'None'
[0.149s] Level 5:colcon.colcon_core.verb:set package 'mycobot_bringup' build argument 'catkin_skip_building_tests' from command line to 'False'
[0.149s] DEBUG:colcon.colcon_core.verb:Building package 'mycobot_bringup' with the following arguments: {'ament_cmake_args': None, 'build_base': '/home/piotr/ros2_ws/build/mycobot_bringup', 'catkin_cmake_args': None, 'catkin_skip_building_tests': False, 'cmake_args': None, 'cmake_clean_cache': False, 'cmake_clean_first': False, 'cmake_force_configure': False, 'cmake_target': None, 'cmake_target_skip_unavailable': False, 'install_base': '/home/piotr/ros2_ws/install/mycobot_bringup', 'merge_install': False, 'path': '/home/piotr/ros2_ws/src/mycobot_ros2/mycobot_bringup', 'symlink_install': False, 'test_result_base': None}
[0.149s] Level 5:colcon.colcon_core.verb:set package 'mycobot_description' build argument 'cmake_args' from command line to 'None'
[0.149s] Level 5:colcon.colcon_core.verb:set package 'mycobot_description' build argument 'cmake_target' from command line to 'None'
[0.149s] Level 5:colcon.colcon_core.verb:set package 'mycobot_description' build argument 'cmake_target_skip_unavailable' from command line to 'False'
[0.149s] Level 5:colcon.colcon_core.verb:set package 'mycobot_description' build argument 'cmake_clean_cache' from command line to 'False'
[0.149s] Level 5:colcon.colcon_core.verb:set package 'mycobot_description' build argument 'cmake_clean_first' from command line to 'False'
[0.149s] Level 5:colcon.colcon_core.verb:set package 'mycobot_description' build argument 'cmake_force_configure' from command line to 'False'
[0.149s] Level 5:colcon.colcon_core.verb:set package 'mycobot_description' build argument 'ament_cmake_args' from command line to 'None'
[0.149s] Level 5:colcon.colcon_core.verb:set package 'mycobot_description' build argument 'catkin_cmake_args' from command line to 'None'
[0.149s] Level 5:colcon.colcon_core.verb:set package 'mycobot_description' build argument 'catkin_skip_building_tests' from command line to 'False'
[0.149s] DEBUG:colcon.colcon_core.verb:Building package 'mycobot_description' with the following arguments: {'ament_cmake_args': None, 'build_base': '/home/piotr/ros2_ws/build/mycobot_description', 'catkin_cmake_args': None, 'catkin_skip_building_tests': False, 'cmake_args': None, 'cmake_clean_cache': False, 'cmake_clean_first': False, 'cmake_force_configure': False, 'cmake_target': None, 'cmake_target_skip_unavailable': False, 'install_base': '/home/piotr/ros2_ws/install/mycobot_description', 'merge_install': False, 'path': '/home/piotr/ros2_ws/src/mycobot_ros2/mycobot_description', 'symlink_install': False, 'test_result_base': None}
[0.149s] Level 5:colcon.colcon_core.verb:set package 'mycobot_gazebo' build argument 'cmake_args' from command line to 'None'
[0.149s] Level 5:colcon.colcon_core.verb:set package 'mycobot_gazebo' build argument 'cmake_target' from command line to 'None'
[0.149s] Level 5:colcon.colcon_core.verb:set package 'mycobot_gazebo' build argument 'cmake_target_skip_unavailable' from command line to 'False'
[0.149s] Level 5:colcon.colcon_core.verb:set package 'mycobot_gazebo' build argument 'cmake_clean_cache' from command line to 'False'
[0.149s] Level 5:colcon.colcon_core.verb:set package 'mycobot_gazebo' build argument 'cmake_clean_first' from command line to 'False'
[0.149s] Level 5:colcon.colcon_core.verb:set package 'mycobot_gazebo' build argument 'cmake_force_configure' from command line to 'False'
[0.149s] Level 5:colcon.colcon_core.verb:set package 'mycobot_gazebo' build argument 'ament_cmake_args' from command line to 'None'
[0.149s] Level 5:colcon.colcon_core.verb:set package 'mycobot_gazebo' build argument 'catkin_cmake_args' from command line to 'None'
[0.149s] Level 5:colcon.colcon_core.verb:set package 'mycobot_gazebo' build argument 'catkin_skip_building_tests' from command line to 'False'
[0.149s] DEBUG:colcon.colcon_core.verb:Building package 'mycobot_gazebo' with the following arguments: {'ament_cmake_args': None, 'build_base': '/home/piotr/ros2_ws/build/mycobot_gazebo', 'catkin_cmake_args': None, 'catkin_skip_building_tests': False, 'cmake_args': None, 'cmake_clean_cache': False, 'cmake_clean_first': False, 'cmake_force_configure': False, 'cmake_target': None, 'cmake_target_skip_unavailable': False, 'install_base': '/home/piotr/ros2_ws/install/mycobot_gazebo', 'merge_install': False, 'path': '/home/piotr/ros2_ws/src/mycobot_ros2/mycobot_gazebo', 'symlink_install': False, 'test_result_base': None}
[0.149s] Level 5:colcon.colcon_core.verb:set package 'mycobot_moveit_config' build argument 'cmake_args' from command line to 'None'
[0.149s] Level 5:colcon.colcon_core.verb:set package 'mycobot_moveit_config' build argument 'cmake_target' from command line to 'None'
[0.149s] Level 5:colcon.colcon_core.verb:set package 'mycobot_moveit_config' build argument 'cmake_target_skip_unavailable' from command line to 'False'
[0.149s] Level 5:colcon.colcon_core.verb:set package 'mycobot_moveit_config' build argument 'cmake_clean_cache' from command line to 'False'
[0.149s] Level 5:colcon.colcon_core.verb:set package 'mycobot_moveit_config' build argument 'cmake_clean_first' from command line to 'False'
[0.149s] Level 5:colcon.colcon_core.verb:set package 'mycobot_moveit_config' build argument 'cmake_force_configure' from command line to 'False'
[0.149s] Level 5:colcon.colcon_core.verb:set package 'mycobot_moveit_config' build argument 'ament_cmake_args' from command line to 'None'
[0.149s] Level 5:colcon.colcon_core.verb:set package 'mycobot_moveit_config' build argument 'catkin_cmake_args' from command line to 'None'
[0.149s] Level 5:colcon.colcon_core.verb:set package 'mycobot_moveit_config' build argument 'catkin_skip_building_tests' from command line to 'False'
[0.150s] DEBUG:colcon.colcon_core.verb:Building package 'mycobot_moveit_config' with the following arguments: {'ament_cmake_args': None, 'build_base': '/home/piotr/ros2_ws/build/mycobot_moveit_config', 'catkin_cmake_args': None, 'catkin_skip_building_tests': False, 'cmake_args': None, 'cmake_clean_cache': False, 'cmake_clean_first': False, 'cmake_force_configure': False, 'cmake_target': None, 'cmake_target_skip_unavailable': False, 'install_base': '/home/piotr/ros2_ws/install/mycobot_moveit_config', 'merge_install': False, 'path': '/home/piotr/ros2_ws/src/mycobot_ros2/mycobot_moveit_config', 'symlink_install': False, 'test_result_base': None}
[0.150s] Level 5:colcon.colcon_core.verb:set package 'mycobot_system_tests' build argument 'cmake_args' from command line to 'None'
[0.150s] Level 5:colcon.colcon_core.verb:set package 'mycobot_system_tests' build argument 'cmake_target' from command line to 'None'
[0.150s] Level 5:colcon.colcon_core.verb:set package 'mycobot_system_tests' build argument 'cmake_target_skip_unavailable' from command line to 'False'
[0.150s] Level 5:colcon.colcon_core.verb:set package 'mycobot_system_tests' build argument 'cmake_clean_cache' from command line to 'False'
[0.150s] Level 5:colcon.colcon_core.verb:set package 'mycobot_system_tests' build argument 'cmake_clean_first' from command line to 'False'
[0.150s] Level 5:colcon.colcon_core.verb:set package 'mycobot_system_tests' build argument 'cmake_force_configure' from command line to 'False'
[0.150s] Level 5:colcon.colcon_core.verb:set package 'mycobot_system_tests' build argument 'ament_cmake_args' from command line to 'None'
[0.150s] Level 5:colcon.colcon_core.verb:set package 'mycobot_system_tests' build argument 'catkin_cmake_args' from command line to 'None'
[0.150s] Level 5:colcon.colcon_core.verb:set package 'mycobot_system_tests' build argument 'catkin_skip_building_tests' from command line to 'False'
[0.150s] DEBUG:colcon.colcon_core.verb:Building package 'mycobot_system_tests' with the following arguments: {'ament_cmake_args': None, 'build_base': '/home/piotr/ros2_ws/build/mycobot_system_tests', 'catkin_cmake_args': None, 'catkin_skip_building_tests': False, 'cmake_args': None, 'cmake_clean_cache': False, 'cmake_clean_first': False, 'cmake_force_configure': False, 'cmake_target': None, 'cmake_target_skip_unavailable': False, 'install_base': '/home/piotr/ros2_ws/install/mycobot_system_tests', 'merge_install': False, 'path': '/home/piotr/ros2_ws/src/mycobot_ros2/mycobot_system_tests', 'symlink_install': False, 'test_result_base': None}
[0.150s] Level 5:colcon.colcon_core.verb:set package 'yahboom_rosmaster_bringup' build argument 'cmake_args' from command line to 'None'
[0.150s] Level 5:colcon.colcon_core.verb:set package 'yahboom_rosmaster_bringup' build argument 'cmake_target' from command line to 'None'
[0.150s] Level 5:colcon.colcon_core.verb:set package 'yahboom_rosmaster_bringup' build argument 'cmake_target_skip_unavailable' from command line to 'False'
[0.150s] Level 5:colcon.colcon_core.verb:set package 'yahboom_rosmaster_bringup' build argument 'cmake_clean_cache' from command line to 'False'
[0.150s] Level 5:colcon.colcon_core.verb:set package 'yahboom_rosmaster_bringup' build argument 'cmake_clean_first' from command line to 'False'
[0.150s] Level 5:colcon.colcon_core.verb:set package 'yahboom_rosmaster_bringup' build argument 'cmake_force_configure' from command line to 'False'
[0.150s] Level 5:colcon.colcon_core.verb:set package 'yahboom_rosmaster_bringup' build argument 'ament_cmake_args' from command line to 'None'
[0.150s] Level 5:colcon.colcon_core.verb:set package 'yahboom_rosmaster_bringup' build argument 'catkin_cmake_args' from command line to 'None'
[0.150s] Level 5:colcon.colcon_core.verb:set package 'yahboom_rosmaster_bringup' build argument 'catkin_skip_building_tests' from command line to 'False'
[0.150s] DEBUG:colcon.colcon_core.verb:Building package 'yahboom_rosmaster_bringup' with the following arguments: {'ament_cmake_args': None, 'build_base': '/home/piotr/ros2_ws/build/yahboom_rosmaster_bringup', 'catkin_cmake_args': None, 'catkin_skip_building_tests': False, 'cmake_args': None, 'cmake_clean_cache': False, 'cmake_clean_first': False, 'cmake_force_configure': False, 'cmake_target': None, 'cmake_target_skip_unavailable': False, 'install_base': '/home/piotr/ros2_ws/install/yahboom_rosmaster_bringup', 'merge_install': False, 'path': '/home/piotr/ros2_ws/src/yahboom_rosmaster/yahboom_rosmaster_bringup', 'symlink_install': False, 'test_result_base': None}
[0.150s] Level 5:colcon.colcon_core.verb:set package 'yahboom_rosmaster_description' build argument 'cmake_args' from command line to 'None'
[0.150s] Level 5:colcon.colcon_core.verb:set package 'yahboom_rosmaster_description' build argument 'cmake_target' from command line to 'None'
[0.150s] Level 5:colcon.colcon_core.verb:set package 'yahboom_rosmaster_description' build argument 'cmake_target_skip_unavailable' from command line to 'False'
[0.150s] Level 5:colcon.colcon_core.verb:set package 'yahboom_rosmaster_description' build argument 'cmake_clean_cache' from command line to 'False'
[0.150s] Level 5:colcon.colcon_core.verb:set package 'yahboom_rosmaster_description' build argument 'cmake_clean_first' from command line to 'False'
[0.150s] Level 5:colcon.colcon_core.verb:set package 'yahboom_rosmaster_description' build argument 'cmake_force_configure' from command line to 'False'
[0.150s] Level 5:colcon.colcon_core.verb:set package 'yahboom_rosmaster_description' build argument 'ament_cmake_args' from command line to 'None'
[0.150s] Level 5:colcon.colcon_core.verb:set package 'yahboom_rosmaster_description' build argument 'catkin_cmake_args' from command line to 'None'
[0.150s] Level 5:colcon.colcon_core.verb:set package 'yahboom_rosmaster_description' build argument 'catkin_skip_building_tests' from command line to 'False'
[0.150s] DEBUG:colcon.colcon_core.verb:Building package 'yahboom_rosmaster_description' with the following arguments: {'ament_cmake_args': None, 'build_base': '/home/piotr/ros2_ws/build/yahboom_rosmaster_description', 'catkin_cmake_args': None, 'catkin_skip_building_tests': False, 'cmake_args': None, 'cmake_clean_cache': False, 'cmake_clean_first': False, 'cmake_force_configure': False, 'cmake_target': None, 'cmake_target_skip_unavailable': False, 'install_base': '/home/piotr/ros2_ws/install/yahboom_rosmaster_description', 'merge_install': False, 'path': '/home/piotr/ros2_ws/src/yahboom_rosmaster/yahboom_rosmaster_description', 'symlink_install': False, 'test_result_base': None}
[0.150s] Level 5:colcon.colcon_core.verb:set package 'yahboom_rosmaster_gazebo' build argument 'cmake_args' from command line to 'None'
[0.150s] Level 5:colcon.colcon_core.verb:set package 'yahboom_rosmaster_gazebo' build argument 'cmake_target' from command line to 'None'
[0.150s] Level 5:colcon.colcon_core.verb:set package 'yahboom_rosmaster_gazebo' build argument 'cmake_target_skip_unavailable' from command line to 'False'
[0.150s] Level 5:colcon.colcon_core.verb:set package 'yahboom_rosmaster_gazebo' build argument 'cmake_clean_cache' from command line to 'False'
[0.150s] Level 5:colcon.colcon_core.verb:set package 'yahboom_rosmaster_gazebo' build argument 'cmake_clean_first' from command line to 'False'
[0.150s] Level 5:colcon.colcon_core.verb:set package 'yahboom_rosmaster_gazebo' build argument 'cmake_force_configure' from command line to 'False'
[0.150s] Level 5:colcon.colcon_core.verb:set package 'yahboom_rosmaster_gazebo' build argument 'ament_cmake_args' from command line to 'None'
[0.150s] Level 5:colcon.colcon_core.verb:set package 'yahboom_rosmaster_gazebo' build argument 'catkin_cmake_args' from command line to 'None'
[0.150s] Level 5:colcon.colcon_core.verb:set package 'yahboom_rosmaster_gazebo' build argument 'catkin_skip_building_tests' from command line to 'False'
[0.150s] DEBUG:colcon.colcon_core.verb:Building package 'yahboom_rosmaster_gazebo' with the following arguments: {'ament_cmake_args': None, 'build_base': '/home/piotr/ros2_ws/build/yahboom_rosmaster_gazebo', 'catkin_cmake_args': None, 'catkin_skip_building_tests': False, 'cmake_args': None, 'cmake_clean_cache': False, 'cmake_clean_first': False, 'cmake_force_configure': False, 'cmake_target': None, 'cmake_target_skip_unavailable': False, 'install_base': '/home/piotr/ros2_ws/install/yahboom_rosmaster_gazebo', 'merge_install': False, 'path': '/home/piotr/ros2_ws/src/yahboom_rosmaster/yahboom_rosmaster_gazebo', 'symlink_install': False, 'test_result_base': None}
[0.150s] Level 5:colcon.colcon_core.verb:set package 'yahboom_rosmaster_system_tests' build argument 'cmake_args' from command line to 'None'
[0.150s] Level 5:colcon.colcon_core.verb:set package 'yahboom_rosmaster_system_tests' build argument 'cmake_target' from command line to 'None'
[0.150s] Level 5:colcon.colcon_core.verb:set package 'yahboom_rosmaster_system_tests' build argument 'cmake_target_skip_unavailable' from command line to 'False'
[0.150s] Level 5:colcon.colcon_core.verb:set package 'yahboom_rosmaster_system_tests' build argument 'cmake_clean_cache' from command line to 'False'
[0.150s] Level 5:colcon.colcon_core.verb:set package 'yahboom_rosmaster_system_tests' build argument 'cmake_clean_first' from command line to 'False'
[0.150s] Level 5:colcon.colcon_core.verb:set package 'yahboom_rosmaster_system_tests' build argument 'cmake_force_configure' from command line to 'False'
[0.150s] Level 5:colcon.colcon_core.verb:set package 'yahboom_rosmaster_system_tests' build argument 'ament_cmake_args' from command line to 'None'
[0.150s] Level 5:colcon.colcon_core.verb:set package 'yahboom_rosmaster_system_tests' build argument 'catkin_cmake_args' from command line to 'None'
[0.150s] Level 5:colcon.colcon_core.verb:set package 'yahboom_rosmaster_system_tests' build argument 'catkin_skip_building_tests' from command line to 'False'
[0.150s] DEBUG:colcon.colcon_core.verb:Building package 'yahboom_rosmaster_system_tests' with the following arguments: {'ament_cmake_args': None, 'build_base': '/home/piotr/ros2_ws/build/yahboom_rosmaster_system_tests', 'catkin_cmake_args': None, 'catkin_skip_building_tests': False, 'cmake_args': None, 'cmake_clean_cache': False, 'cmake_clean_first': False, 'cmake_force_configure': False, 'cmake_target': None, 'cmake_target_skip_unavailable': False, 'install_base': '/home/piotr/ros2_ws/install/yahboom_rosmaster_system_tests', 'merge_install': False, 'path': '/home/piotr/ros2_ws/src/yahboom_rosmaster/yahboom_rosmaster_system_tests', 'symlink_install': False, 'test_result_base': None}
[0.151s] Level 5:colcon.colcon_core.verb:set package 'mycobot_ros2' build argument 'cmake_args' from command line to 'None'
[0.151s] Level 5:colcon.colcon_core.verb:set package 'mycobot_ros2' build argument 'cmake_target' from command line to 'None'
[0.151s] Level 5:colcon.colcon_core.verb:set package 'mycobot_ros2' build argument 'cmake_target_skip_unavailable' from command line to 'False'
[0.151s] Level 5:colcon.colcon_core.verb:set package 'mycobot_ros2' build argument 'cmake_clean_cache' from command line to 'False'
[0.151s] Level 5:colcon.colcon_core.verb:set package 'mycobot_ros2' build argument 'cmake_clean_first' from command line to 'False'
[0.151s] Level 5:colcon.colcon_core.verb:set package 'mycobot_ros2' build argument 'cmake_force_configure' from command line to 'False'
[0.151s] Level 5:colcon.colcon_core.verb:set package 'mycobot_ros2' build argument 'ament_cmake_args' from command line to 'None'
[0.151s] Level 5:colcon.colcon_core.verb:set package 'mycobot_ros2' build argument 'catkin_cmake_args' from command line to 'None'
[0.151s] Level 5:colcon.colcon_core.verb:set package 'mycobot_ros2' build argument 'catkin_skip_building_tests' from command line to 'False'
[0.151s] DEBUG:colcon.colcon_core.verb:Building package 'mycobot_ros2' with the following arguments: {'ament_cmake_args': None, 'build_base': '/home/piotr/ros2_ws/build/mycobot_ros2', 'catkin_cmake_args': None, 'catkin_skip_building_tests': False, 'cmake_args': None, 'cmake_clean_cache': False, 'cmake_clean_first': False, 'cmake_force_configure': False, 'cmake_target': None, 'cmake_target_skip_unavailable': False, 'install_base': '/home/piotr/ros2_ws/install/mycobot_ros2', 'merge_install': False, 'path': '/home/piotr/ros2_ws/src/mycobot_ros2/mycobot_ros2', 'symlink_install': False, 'test_result_base': None}
[0.151s] Level 5:colcon.colcon_core.verb:set package 'yahboom_rosmaster' build argument 'cmake_args' from command line to 'None'
[0.151s] Level 5:colcon.colcon_core.verb:set package 'yahboom_rosmaster' build argument 'cmake_target' from command line to 'None'
[0.151s] Level 5:colcon.colcon_core.verb:set package 'yahboom_rosmaster' build argument 'cmake_target_skip_unavailable' from command line to 'False'
[0.151s] Level 5:colcon.colcon_core.verb:set package 'yahboom_rosmaster' build argument 'cmake_clean_cache' from command line to 'False'
[0.151s] Level 5:colcon.colcon_core.verb:set package 'yahboom_rosmaster' build argument 'cmake_clean_first' from command line to 'False'
[0.151s] Level 5:colcon.colcon_core.verb:set package 'yahboom_rosmaster' build argument 'cmake_force_configure' from command line to 'False'
[0.151s] Level 5:colcon.colcon_core.verb:set package 'yahboom_rosmaster' build argument 'ament_cmake_args' from command line to 'None'
[0.151s] Level 5:colcon.colcon_core.verb:set package 'yahboom_rosmaster' build argument 'catkin_cmake_args' from command line to 'None'
[0.151s] Level 5:colcon.colcon_core.verb:set package 'yahboom_rosmaster' build argument 'catkin_skip_building_tests' from command line to 'False'
[0.151s] DEBUG:colcon.colcon_core.verb:Building package 'yahboom_rosmaster' with the following arguments: {'ament_cmake_args': None, 'build_base': '/home/piotr/ros2_ws/build/yahboom_rosmaster', 'catkin_cmake_args': None, 'catkin_skip_building_tests': False, 'cmake_args': None, 'cmake_clean_cache': False, 'cmake_clean_first': False, 'cmake_force_configure': False, 'cmake_target': None, 'cmake_target_skip_unavailable': False, 'install_base': '/home/piotr/ros2_ws/install/yahboom_rosmaster', 'merge_install': False, 'path': '/home/piotr/ros2_ws/src/yahboom_rosmaster/yahboom_rosmaster', 'symlink_install': False, 'test_result_base': None}
[0.151s] INFO:colcon.colcon_core.executor:Executing jobs using 'parallel' executor
[0.152s] DEBUG:colcon.colcon_parallel_executor.executor.parallel:run_until_complete
[0.153s] INFO:colcon.colcon_ros.task.ament_cmake.build:Building ROS package in '/home/piotr/ros2_ws/src/mycobot_ros2/mycobot_bringup' with build type 'ament_cmake'
[0.153s] INFO:colcon.colcon_cmake.task.cmake.build:Building CMake package in '/home/piotr/ros2_ws/src/mycobot_ros2/mycobot_bringup'
[0.154s] INFO:colcon.colcon_core.plugin_system:Skipping extension 'colcon_core.shell.bat': Not used on non-Windows systems
[0.154s] INFO:colcon.colcon_core.shell:Skip shell extension 'powershell' for command environment: Not usable outside of PowerShell
[0.154s] DEBUG:colcon.colcon_core.shell:Skip shell extension 'dsv' for command environment
[0.157s] INFO:colcon.colcon_ros.task.ament_cmake.build:Building ROS package in '/home/piotr/ros2_ws/src/mycobot_ros2/mycobot_description' with build type 'ament_cmake'
[0.157s] INFO:colcon.colcon_cmake.task.cmake.build:Building CMake package in '/home/piotr/ros2_ws/src/mycobot_ros2/mycobot_description'
[0.157s] INFO:colcon.colcon_core.shell:Skip shell extension 'powershell' for command environment: Not usable outside of PowerShell
[0.157s] DEBUG:colcon.colcon_core.shell:Skip shell extension 'dsv' for command environment
[0.159s] INFO:colcon.colcon_ros.task.ament_cmake.build:Building ROS package in '/home/piotr/ros2_ws/src/mycobot_ros2/mycobot_gazebo' with build type 'ament_cmake'
[0.159s] INFO:colcon.colcon_cmake.task.cmake.build:Building CMake package in '/home/piotr/ros2_ws/src/mycobot_ros2/mycobot_gazebo'
[0.159s] INFO:colcon.colcon_core.shell:Skip shell extension 'powershell' for command environment: Not usable outside of PowerShell
[0.159s] DEBUG:colcon.colcon_core.shell:Skip shell extension 'dsv' for command environment
[0.162s] INFO:colcon.colcon_ros.task.ament_cmake.build:Building ROS package in '/home/piotr/ros2_ws/src/mycobot_ros2/mycobot_moveit_config' with build type 'ament_cmake'
[0.162s] INFO:colcon.colcon_cmake.task.cmake.build:Building CMake package in '/home/piotr/ros2_ws/src/mycobot_ros2/mycobot_moveit_config'
[0.162s] INFO:colcon.colcon_core.shell:Skip shell extension 'powershell' for command environment: Not usable outside of PowerShell
[0.162s] DEBUG:colcon.colcon_core.shell:Skip shell extension 'dsv' for command environment
[0.164s] INFO:colcon.colcon_ros.task.ament_cmake.build:Building ROS package in '/home/piotr/ros2_ws/src/mycobot_ros2/mycobot_system_tests' with build type 'ament_cmake'
[0.164s] INFO:colcon.colcon_cmake.task.cmake.build:Building CMake package in '/home/piotr/ros2_ws/src/mycobot_ros2/mycobot_system_tests'
[0.164s] INFO:colcon.colcon_core.shell:Skip shell extension 'powershell' for command environment: Not usable outside of PowerShell
[0.164s] DEBUG:colcon.colcon_core.shell:Skip shell extension 'dsv' for command environment
[0.166s] INFO:colcon.colcon_ros.task.ament_cmake.build:Building ROS package in '/home/piotr/ros2_ws/src/yahboom_rosmaster/yahboom_rosmaster_bringup' with build type 'ament_cmake'
[0.166s] INFO:colcon.colcon_cmake.task.cmake.build:Building CMake package in '/home/piotr/ros2_ws/src/yahboom_rosmaster/yahboom_rosmaster_bringup'
[0.166s] INFO:colcon.colcon_core.shell:Skip shell extension 'powershell' for command environment: Not usable outside of PowerShell
[0.166s] DEBUG:colcon.colcon_core.shell:Skip shell extension 'dsv' for command environment
[0.168s] INFO:colcon.colcon_ros.task.ament_cmake.build:Building ROS package in '/home/piotr/ros2_ws/src/yahboom_rosmaster/yahboom_rosmaster_description' with build type 'ament_cmake'
[0.168s] INFO:colcon.colcon_cmake.task.cmake.build:Building CMake package in '/home/piotr/ros2_ws/src/yahboom_rosmaster/yahboom_rosmaster_description'
[0.168s] INFO:colcon.colcon_core.shell:Skip shell extension 'powershell' for command environment: Not usable outside of PowerShell
[0.168s] DEBUG:colcon.colcon_core.shell:Skip shell extension 'dsv' for command environment
[0.170s] INFO:colcon.colcon_ros.task.ament_cmake.build:Building ROS package in '/home/piotr/ros2_ws/src/yahboom_rosmaster/yahboom_rosmaster_gazebo' with build type 'ament_cmake'
[0.170s] INFO:colcon.colcon_cmake.task.cmake.build:Building CMake package in '/home/piotr/ros2_ws/src/yahboom_rosmaster/yahboom_rosmaster_gazebo'
[0.170s] INFO:colcon.colcon_core.shell:Skip shell extension 'powershell' for command environment: Not usable outside of PowerShell
[0.171s] DEBUG:colcon.colcon_core.shell:Skip shell extension 'dsv' for command environment
[0.173s] INFO:colcon.colcon_ros.task.ament_cmake.build:Building ROS package in '/home/piotr/ros2_ws/src/yahboom_rosmaster/yahboom_rosmaster_system_tests' with build type 'ament_cmake'
[0.173s] INFO:colcon.colcon_cmake.task.cmake.build:Building CMake package in '/home/piotr/ros2_ws/src/yahboom_rosmaster/yahboom_rosmaster_system_tests'
[0.173s] INFO:colcon.colcon_core.shell:Skip shell extension 'powershell' for command environment: Not usable outside of PowerShell
[0.173s] DEBUG:colcon.colcon_core.shell:Skip shell extension 'dsv' for command environment
[0.179s] DEBUG:colcon.colcon_core.event_handler.log_command:Invoking command in '/home/piotr/ros2_ws/build/mycobot_bringup': CMAKE_PREFIX_PATH=${CMAKE_PREFIX_PATH}:/opt/ros/jazzy DEBUGINFOD_URLS=https://debuginfod.ubuntu.com /usr/bin/cmake /home/piotr/ros2_ws/src/mycobot_ros2/mycobot_bringup -DCMAKE_INSTALL_PREFIX=/home/piotr/ros2_ws/install/mycobot_bringup
[0.180s] DEBUG:colcon.colcon_core.event_handler.log_command:Invoking command in '/home/piotr/ros2_ws/build/mycobot_description': CMAKE_PREFIX_PATH=${CMAKE_PREFIX_PATH}:/opt/ros/jazzy DEBUGINFOD_URLS=https://debuginfod.ubuntu.com /usr/bin/cmake /home/piotr/ros2_ws/src/mycobot_ros2/mycobot_description -DCMAKE_INSTALL_PREFIX=/home/piotr/ros2_ws/install/mycobot_description
[0.180s] DEBUG:colcon.colcon_core.event_handler.log_command:Invoking command in '/home/piotr/ros2_ws/build/mycobot_gazebo': CMAKE_PREFIX_PATH=${CMAKE_PREFIX_PATH}:/opt/ros/jazzy DEBUGINFOD_URLS=https://debuginfod.ubuntu.com /usr/bin/cmake /home/piotr/ros2_ws/src/mycobot_ros2/mycobot_gazebo -DCMAKE_INSTALL_PREFIX=/home/piotr/ros2_ws/install/mycobot_gazebo
[0.181s] DEBUG:colcon.colcon_core.event_handler.log_command:Invoking command in '/home/piotr/ros2_ws/build/mycobot_moveit_config': CMAKE_PREFIX_PATH=${CMAKE_PREFIX_PATH}:/opt/ros/jazzy DEBUGINFOD_URLS=https://debuginfod.ubuntu.com /usr/bin/cmake /home/piotr/ros2_ws/src/mycobot_ros2/mycobot_moveit_config -DCMAKE_INSTALL_PREFIX=/home/piotr/ros2_ws/install/mycobot_moveit_config
[0.182s] DEBUG:colcon.colcon_core.event_handler.log_command:Invoking command in '/home/piotr/ros2_ws/build/mycobot_system_tests': CMAKE_PREFIX_PATH=${CMAKE_PREFIX_PATH}:/opt/ros/jazzy DEBUGINFOD_URLS=https://debuginfod.ubuntu.com /usr/bin/cmake /home/piotr/ros2_ws/src/mycobot_ros2/mycobot_system_tests -DCMAKE_INSTALL_PREFIX=/home/piotr/ros2_ws/install/mycobot_system_tests
[0.183s] DEBUG:colcon.colcon_core.event_handler.log_command:Invoking command in '/home/piotr/ros2_ws/build/yahboom_rosmaster_bringup': CMAKE_PREFIX_PATH=${CMAKE_PREFIX_PATH}:/opt/ros/jazzy DEBUGINFOD_URLS=https://debuginfod.ubuntu.com /usr/bin/cmake /home/piotr/ros2_ws/src/yahboom_rosmaster/yahboom_rosmaster_bringup -DCMAKE_INSTALL_PREFIX=/home/piotr/ros2_ws/install/yahboom_rosmaster_bringup
[0.184s] DEBUG:colcon.colcon_core.event_handler.log_command:Invoking command in '/home/piotr/ros2_ws/build/yahboom_rosmaster_description': CMAKE_PREFIX_PATH=${CMAKE_PREFIX_PATH}:/opt/ros/jazzy DEBUGINFOD_URLS=https://debuginfod.ubuntu.com /usr/bin/cmake /home/piotr/ros2_ws/src/yahboom_rosmaster/yahboom_rosmaster_description -DCMAKE_INSTALL_PREFIX=/home/piotr/ros2_ws/install/yahboom_rosmaster_description
[0.186s] DEBUG:colcon.colcon_core.event_handler.log_command:Invoking command in '/home/piotr/ros2_ws/build/yahboom_rosmaster_gazebo': CMAKE_PREFIX_PATH=${CMAKE_PREFIX_PATH}:/opt/ros/jazzy DEBUGINFOD_URLS=https://debuginfod.ubuntu.com /usr/bin/cmake /home/piotr/ros2_ws/src/yahboom_rosmaster/yahboom_rosmaster_gazebo -DCMAKE_INSTALL_PREFIX=/home/piotr/ros2_ws/install/yahboom_rosmaster_gazebo
[0.191s] DEBUG:colcon.colcon_core.event_handler.log_command:Invoking command in '/home/piotr/ros2_ws/build/yahboom_rosmaster_system_tests': CMAKE_PREFIX_PATH=${CMAKE_PREFIX_PATH}:/opt/ros/jazzy DEBUGINFOD_URLS=https://debuginfod.ubuntu.com /usr/bin/cmake /home/piotr/ros2_ws/src/yahboom_rosmaster/yahboom_rosmaster_system_tests -DCMAKE_INSTALL_PREFIX=/home/piotr/ros2_ws/install/yahboom_rosmaster_system_tests
[0.817s] DEBUG:colcon.colcon_core.event_handler.log_command:Invoked command in '/home/piotr/ros2_ws/build/mycobot_description' returned '0': CMAKE_PREFIX_PATH=${CMAKE_PREFIX_PATH}:/opt/ros/jazzy DEBUGINFOD_URLS=https://debuginfod.ubuntu.com /usr/bin/cmake /home/piotr/ros2_ws/src/mycobot_ros2/mycobot_description -DCMAKE_INSTALL_PREFIX=/home/piotr/ros2_ws/install/mycobot_description
[0.818s] DEBUG:colcon.colcon_core.event_handler.log_command:Invoking command in '/home/piotr/ros2_ws/build/mycobot_description': CMAKE_PREFIX_PATH=${CMAKE_PREFIX_PATH}:/opt/ros/jazzy DEBUGINFOD_URLS=https://debuginfod.ubuntu.com /usr/bin/cmake --build /home/piotr/ros2_ws/build/mycobot_description -- -j16 -l16
[0.819s] DEBUG:colcon.colcon_core.event_handler.log_command:Invoked command in '/home/piotr/ros2_ws/build/mycobot_bringup' returned '0': CMAKE_PREFIX_PATH=${CMAKE_PREFIX_PATH}:/opt/ros/jazzy DEBUGINFOD_URLS=https://debuginfod.ubuntu.com /usr/bin/cmake /home/piotr/ros2_ws/src/mycobot_ros2/mycobot_bringup -DCMAKE_INSTALL_PREFIX=/home/piotr/ros2_ws/install/mycobot_bringup
[0.820s] DEBUG:colcon.colcon_core.event_handler.log_command:Invoking command in '/home/piotr/ros2_ws/build/mycobot_bringup': CMAKE_PREFIX_PATH=${CMAKE_PREFIX_PATH}:/opt/ros/jazzy DEBUGINFOD_URLS=https://debuginfod.ubuntu.com /usr/bin/cmake --build /home/piotr/ros2_ws/build/mycobot_bringup -- -j16 -l16
[0.825s] DEBUG:colcon.colcon_core.event_handler.log_command:Invoked command in '/home/piotr/ros2_ws/build/mycobot_moveit_config' returned '0': CMAKE_PREFIX_PATH=${CMAKE_PREFIX_PATH}:/opt/ros/jazzy DEBUGINFOD_URLS=https://debuginfod.ubuntu.com /usr/bin/cmake /home/piotr/ros2_ws/src/mycobot_ros2/mycobot_moveit_config -DCMAKE_INSTALL_PREFIX=/home/piotr/ros2_ws/install/mycobot_moveit_config
[0.826s] DEBUG:colcon.colcon_core.event_handler.log_command:Invoking command in '/home/piotr/ros2_ws/build/mycobot_moveit_config': CMAKE_PREFIX_PATH=${CMAKE_PREFIX_PATH}:/opt/ros/jazzy DEBUGINFOD_URLS=https://debuginfod.ubuntu.com /usr/bin/cmake --build /home/piotr/ros2_ws/build/mycobot_moveit_config -- -j16 -l16
[0.840s] DEBUG:colcon.colcon_core.event_handler.log_command:Invoked command in '/home/piotr/ros2_ws/build/yahboom_rosmaster_bringup' returned '0': CMAKE_PREFIX_PATH=${CMAKE_PREFIX_PATH}:/opt/ros/jazzy DEBUGINFOD_URLS=https://debuginfod.ubuntu.com /usr/bin/cmake /home/piotr/ros2_ws/src/yahboom_rosmaster/yahboom_rosmaster_bringup -DCMAKE_INSTALL_PREFIX=/home/piotr/ros2_ws/install/yahboom_rosmaster_bringup
[0.841s] DEBUG:colcon.colcon_core.event_handler.log_command:Invoking command in '/home/piotr/ros2_ws/build/yahboom_rosmaster_bringup': CMAKE_PREFIX_PATH=${CMAKE_PREFIX_PATH}:/opt/ros/jazzy DEBUGINFOD_URLS=https://debuginfod.ubuntu.com /usr/bin/cmake --build /home/piotr/ros2_ws/build/yahboom_rosmaster_bringup -- -j16 -l16
[0.853s] DEBUG:colcon.colcon_core.event_handler.log_command:Invoked command in '/home/piotr/ros2_ws/build/mycobot_description' returned '0': CMAKE_PREFIX_PATH=${CMAKE_PREFIX_PATH}:/opt/ros/jazzy DEBUGINFOD_URLS=https://debuginfod.ubuntu.com /usr/bin/cmake --build /home/piotr/ros2_ws/build/mycobot_description -- -j16 -l16
[0.864s] DEBUG:colcon.colcon_core.event_handler.log_command:Invoking command in '/home/piotr/ros2_ws/build/mycobot_description': CMAKE_PREFIX_PATH=${CMAKE_PREFIX_PATH}:/opt/ros/jazzy DEBUGINFOD_URLS=https://debuginfod.ubuntu.com /usr/bin/cmake --install /home/piotr/ros2_ws/build/mycobot_description
[0.865s] DEBUG:colcon.colcon_core.event_handler.log_command:Invoked command in '/home/piotr/ros2_ws/build/mycobot_bringup' returned '0': CMAKE_PREFIX_PATH=${CMAKE_PREFIX_PATH}:/opt/ros/jazzy DEBUGINFOD_URLS=https://debuginfod.ubuntu.com /usr/bin/cmake --build /home/piotr/ros2_ws/build/mycobot_bringup -- -j16 -l16
[0.866s] DEBUG:colcon.colcon_core.event_handler.log_command:Invoking command in '/home/piotr/ros2_ws/build/mycobot_bringup': CMAKE_PREFIX_PATH=${CMAKE_PREFIX_PATH}:/opt/ros/jazzy DEBUGINFOD_URLS=https://debuginfod.ubuntu.com /usr/bin/cmake --install /home/piotr/ros2_ws/build/mycobot_bringup
[0.866s] DEBUG:colcon.colcon_core.event_handler.log_command:Invoked command in '/home/piotr/ros2_ws/build/mycobot_moveit_config' returned '0': CMAKE_PREFIX_PATH=${CMAKE_PREFIX_PATH}:/opt/ros/jazzy DEBUGINFOD_URLS=https://debuginfod.ubuntu.com /usr/bin/cmake --build /home/piotr/ros2_ws/build/mycobot_moveit_config -- -j16 -l16
[0.867s] DEBUG:colcon.colcon_core.event_handler.log_command:Invoking command in '/home/piotr/ros2_ws/build/mycobot_moveit_config': CMAKE_PREFIX_PATH=${CMAKE_PREFIX_PATH}:/opt/ros/jazzy DEBUGINFOD_URLS=https://debuginfod.ubuntu.com /usr/bin/cmake --install /home/piotr/ros2_ws/build/mycobot_moveit_config
[0.868s] DEBUG:colcon.colcon_core.event_handler.log_command:Invoked command in '/home/piotr/ros2_ws/build/yahboom_rosmaster_description' returned '0': CMAKE_PREFIX_PATH=${CMAKE_PREFIX_PATH}:/opt/ros/jazzy DEBUGINFOD_URLS=https://debuginfod.ubuntu.com /usr/bin/cmake /home/piotr/ros2_ws/src/yahboom_rosmaster/yahboom_rosmaster_description -DCMAKE_INSTALL_PREFIX=/home/piotr/ros2_ws/install/yahboom_rosmaster_description
[0.868s] DEBUG:colcon.colcon_core.event_handler.log_command:Invoking command in '/home/piotr/ros2_ws/build/yahboom_rosmaster_description': CMAKE_PREFIX_PATH=${CMAKE_PREFIX_PATH}:/opt/ros/jazzy DEBUGINFOD_URLS=https://debuginfod.ubuntu.com /usr/bin/cmake --build /home/piotr/ros2_ws/build/yahboom_rosmaster_description -- -j16 -l16
[0.877s] Level 1:colcon.colcon_core.environment:create_environment_scripts_only(mycobot_bringup)
[0.878s] DEBUG:colcon.colcon_core.event_handler.log_command:Invoked command in '/home/piotr/ros2_ws/build/mycobot_bringup' returned '0': CMAKE_PREFIX_PATH=${CMAKE_PREFIX_PATH}:/opt/ros/jazzy DEBUGINFOD_URLS=https://debuginfod.ubuntu.com /usr/bin/cmake --install /home/piotr/ros2_ws/build/mycobot_bringup
[0.879s] Level 1:colcon.colcon_core.environment:checking '/home/piotr/ros2_ws/install/mycobot_bringup' for CMake module files
[0.880s] Level 1:colcon.colcon_core.environment:checking '/home/piotr/ros2_ws/install/mycobot_bringup' for CMake config files
[0.880s] Level 1:colcon.colcon_core.shell:create_environment_hook('mycobot_bringup', 'cmake_prefix_path')
[0.880s] INFO:colcon.colcon_core.shell:Creating environment hook '/home/piotr/ros2_ws/install/mycobot_bringup/share/mycobot_bringup/hook/cmake_prefix_path.ps1'
[0.880s] INFO:colcon.colcon_core.shell:Creating environment descriptor '/home/piotr/ros2_ws/install/mycobot_bringup/share/mycobot_bringup/hook/cmake_prefix_path.dsv'
[0.880s] INFO:colcon.colcon_core.shell:Creating environment hook '/home/piotr/ros2_ws/install/mycobot_bringup/share/mycobot_bringup/hook/cmake_prefix_path.sh'
[0.881s] Level 1:colcon.colcon_core.environment:checking '/home/piotr/ros2_ws/install/mycobot_bringup/bin'
[0.881s] Level 1:colcon.colcon_core.environment:checking '/home/piotr/ros2_ws/install/mycobot_bringup/lib/pkgconfig/mycobot_bringup.pc'
[0.881s] Level 1:colcon.colcon_core.environment:checking '/home/piotr/ros2_ws/install/mycobot_bringup/lib/python3.12/site-packages'
[0.881s] Level 1:colcon.colcon_core.environment:checking '/home/piotr/ros2_ws/install/mycobot_bringup/bin'
[0.881s] INFO:colcon.colcon_core.shell:Creating package script '/home/piotr/ros2_ws/install/mycobot_bringup/share/mycobot_bringup/package.ps1'
[0.882s] INFO:colcon.colcon_core.shell:Creating package descriptor '/home/piotr/ros2_ws/install/mycobot_bringup/share/mycobot_bringup/package.dsv'
[0.882s] INFO:colcon.colcon_core.shell:Creating package script '/home/piotr/ros2_ws/install/mycobot_bringup/share/mycobot_bringup/package.sh'
[0.883s] INFO:colcon.colcon_core.shell:Creating package script '/home/piotr/ros2_ws/install/mycobot_bringup/share/mycobot_bringup/package.bash'
[0.883s] INFO:colcon.colcon_core.shell:Creating package script '/home/piotr/ros2_ws/install/mycobot_bringup/share/mycobot_bringup/package.zsh'
[0.884s] Level 1:colcon.colcon_core.environment:create_file_with_runtime_dependencies(/home/piotr/ros2_ws/install/mycobot_bringup/share/colcon-core/packages/mycobot_bringup)
[0.884s] Level 1:colcon.colcon_core.environment:create_environment_scripts_only(mycobot_bringup)
[0.900s] Level 1:colcon.colcon_core.environment:checking '/home/piotr/ros2_ws/install/mycobot_bringup' for CMake module files
[0.901s] Level 1:colcon.colcon_core.environment:checking '/home/piotr/ros2_ws/install/mycobot_bringup' for CMake config files
[0.902s] Level 1:colcon.colcon_core.shell:create_environment_hook('mycobot_bringup', 'cmake_prefix_path')
[0.902s] INFO:colcon.colcon_core.shell:Creating environment hook '/home/piotr/ros2_ws/install/mycobot_bringup/share/mycobot_bringup/hook/cmake_prefix_path.ps1'
[0.902s] INFO:colcon.colcon_core.shell:Creating environment descriptor '/home/piotr/ros2_ws/install/mycobot_bringup/share/mycobot_bringup/hook/cmake_prefix_path.dsv'
[0.902s] INFO:colcon.colcon_core.shell:Creating environment hook '/home/piotr/ros2_ws/install/mycobot_bringup/share/mycobot_bringup/hook/cmake_prefix_path.sh'
[0.903s] Level 1:colcon.colcon_core.environment:checking '/home/piotr/ros2_ws/install/mycobot_bringup/bin'
[0.903s] Level 1:colcon.colcon_core.environment:checking '/home/piotr/ros2_ws/install/mycobot_bringup/lib/pkgconfig/mycobot_bringup.pc'
[0.903s] Level 1:colcon.colcon_core.environment:checking '/home/piotr/ros2_ws/install/mycobot_bringup/lib/python3.12/site-packages'
[0.903s] Level 1:colcon.colcon_core.environment:checking '/home/piotr/ros2_ws/install/mycobot_bringup/bin'
[0.904s] INFO:colcon.colcon_core.shell:Creating package script '/home/piotr/ros2_ws/install/mycobot_bringup/share/mycobot_bringup/package.ps1'
[0.904s] INFO:colcon.colcon_core.shell:Creating package descriptor '/home/piotr/ros2_ws/install/mycobot_bringup/share/mycobot_bringup/package.dsv'
[0.904s] INFO:colcon.colcon_core.shell:Creating package script '/home/piotr/ros2_ws/install/mycobot_bringup/share/mycobot_bringup/package.sh'
[0.905s] INFO:colcon.colcon_core.shell:Creating package script '/home/piotr/ros2_ws/install/mycobot_bringup/share/mycobot_bringup/package.bash'
[0.905s] INFO:colcon.colcon_core.shell:Creating package script '/home/piotr/ros2_ws/install/mycobot_bringup/share/mycobot_bringup/package.zsh'
[0.905s] Level 1:colcon.colcon_core.environment:create_file_with_runtime_dependencies(/home/piotr/ros2_ws/install/mycobot_bringup/share/colcon-core/packages/mycobot_bringup)
[0.906s] DEBUG:colcon.colcon_core.event_handler.log_command:Invoked command in '/home/piotr/ros2_ws/build/yahboom_rosmaster_bringup' returned '0': CMAKE_PREFIX_PATH=${CMAKE_PREFIX_PATH}:/opt/ros/jazzy DEBUGINFOD_URLS=https://debuginfod.ubuntu.com /usr/bin/cmake --build /home/piotr/ros2_ws/build/yahboom_rosmaster_bringup -- -j16 -l16
[0.907s] DEBUG:colcon.colcon_core.event_handler.log_command:Invoking command in '/home/piotr/ros2_ws/build/yahboom_rosmaster_bringup': CMAKE_PREFIX_PATH=${CMAKE_PREFIX_PATH}:/opt/ros/jazzy DEBUGINFOD_URLS=https://debuginfod.ubuntu.com /usr/bin/cmake --install /home/piotr/ros2_ws/build/yahboom_rosmaster_bringup
[0.907s] Level 1:colcon.colcon_core.environment:create_environment_scripts_only(mycobot_moveit_config)
[0.908s] Level 1:colcon.colcon_core.environment:checking '/home/piotr/ros2_ws/install/mycobot_moveit_config' for CMake module files
[0.908s] DEBUG:colcon.colcon_core.event_handler.log_command:Invoked command in '/home/piotr/ros2_ws/build/mycobot_moveit_config' returned '0': CMAKE_PREFIX_PATH=${CMAKE_PREFIX_PATH}:/opt/ros/jazzy DEBUGINFOD_URLS=https://debuginfod.ubuntu.com /usr/bin/cmake --install /home/piotr/ros2_ws/build/mycobot_moveit_config
[0.909s] Level 1:colcon.colcon_core.environment:checking '/home/piotr/ros2_ws/install/mycobot_moveit_config' for CMake config files
[0.909s] Level 1:colcon.colcon_core.shell:create_environment_hook('mycobot_moveit_config', 'cmake_prefix_path')
[0.910s] INFO:colcon.colcon_core.shell:Creating environment hook '/home/piotr/ros2_ws/install/mycobot_moveit_config/share/mycobot_moveit_config/hook/cmake_prefix_path.ps1'
[0.910s] INFO:colcon.colcon_core.shell:Creating environment descriptor '/home/piotr/ros2_ws/install/mycobot_moveit_config/share/mycobot_moveit_config/hook/cmake_prefix_path.dsv'
[0.910s] INFO:colcon.colcon_core.shell:Creating environment hook '/home/piotr/ros2_ws/install/mycobot_moveit_config/share/mycobot_moveit_config/hook/cmake_prefix_path.sh'
[0.910s] Level 1:colcon.colcon_core.environment:checking '/home/piotr/ros2_ws/install/mycobot_moveit_config/bin'
[0.911s] Level 1:colcon.colcon_core.environment:checking '/home/piotr/ros2_ws/install/mycobot_moveit_config/lib/pkgconfig/mycobot_moveit_config.pc'
[0.911s] Level 1:colcon.colcon_core.environment:checking '/home/piotr/ros2_ws/install/mycobot_moveit_config/lib/python3.12/site-packages'
[0.911s] Level 1:colcon.colcon_core.environment:checking '/home/piotr/ros2_ws/install/mycobot_moveit_config/bin'
[0.911s] INFO:colcon.colcon_core.shell:Creating package script '/home/piotr/ros2_ws/install/mycobot_moveit_config/share/mycobot_moveit_config/package.ps1'
[0.911s] INFO:colcon.colcon_core.shell:Creating package descriptor '/home/piotr/ros2_ws/install/mycobot_moveit_config/share/mycobot_moveit_config/package.dsv'
[0.912s] INFO:colcon.colcon_core.shell:Creating package script '/home/piotr/ros2_ws/install/mycobot_moveit_config/share/mycobot_moveit_config/package.sh'
[0.912s] INFO:colcon.colcon_core.shell:Creating package script '/home/piotr/ros2_ws/install/mycobot_moveit_config/share/mycobot_moveit_config/package.bash'
[0.912s] INFO:colcon.colcon_core.shell:Creating package script '/home/piotr/ros2_ws/install/mycobot_moveit_config/share/mycobot_moveit_config/package.zsh'
[0.912s] Level 1:colcon.colcon_core.environment:create_file_with_runtime_dependencies(/home/piotr/ros2_ws/install/mycobot_moveit_config/share/colcon-core/packages/mycobot_moveit_config)
[0.913s] Level 1:colcon.colcon_core.environment:create_environment_scripts_only(mycobot_moveit_config)
[0.913s] Level 1:colcon.colcon_core.environment:checking '/home/piotr/ros2_ws/install/mycobot_moveit_config' for CMake module files
[0.913s] Level 1:colcon.colcon_core.environment:checking '/home/piotr/ros2_ws/install/mycobot_moveit_config' for CMake config files
[0.913s] Level 1:colcon.colcon_core.shell:create_environment_hook('mycobot_moveit_config', 'cmake_prefix_path')
[0.913s] INFO:colcon.colcon_core.shell:Creating environment hook '/home/piotr/ros2_ws/install/mycobot_moveit_config/share/mycobot_moveit_config/hook/cmake_prefix_path.ps1'
[0.914s] INFO:colcon.colcon_core.shell:Creating environment descriptor '/home/piotr/ros2_ws/install/mycobot_moveit_config/share/mycobot_moveit_config/hook/cmake_prefix_path.dsv'
[0.914s] INFO:colcon.colcon_core.shell:Creating environment hook '/home/piotr/ros2_ws/install/mycobot_moveit_config/share/mycobot_moveit_config/hook/cmake_prefix_path.sh'
[0.914s] Level 1:colcon.colcon_core.environment:checking '/home/piotr/ros2_ws/install/mycobot_moveit_config/bin'
[0.914s] Level 1:colcon.colcon_core.environment:checking '/home/piotr/ros2_ws/install/mycobot_moveit_config/lib/pkgconfig/mycobot_moveit_config.pc'
[0.914s] Level 1:colcon.colcon_core.environment:checking '/home/piotr/ros2_ws/install/mycobot_moveit_config/lib/python3.12/site-packages'
[0.914s] Level 1:colcon.colcon_core.environment:checking '/home/piotr/ros2_ws/install/mycobot_moveit_config/bin'
[0.915s] INFO:colcon.colcon_core.shell:Creating package script '/home/piotr/ros2_ws/install/mycobot_moveit_config/share/mycobot_moveit_config/package.ps1'
[0.915s] INFO:colcon.colcon_core.shell:Creating package descriptor '/home/piotr/ros2_ws/install/mycobot_moveit_config/share/mycobot_moveit_config/package.dsv'
[0.915s] INFO:colcon.colcon_core.shell:Creating package script '/home/piotr/ros2_ws/install/mycobot_moveit_config/share/mycobot_moveit_config/package.sh'
[0.915s] INFO:colcon.colcon_core.shell:Creating package script '/home/piotr/ros2_ws/install/mycobot_moveit_config/share/mycobot_moveit_config/package.bash'
[0.916s] INFO:colcon.colcon_core.shell:Creating package script '/home/piotr/ros2_ws/install/mycobot_moveit_config/share/mycobot_moveit_config/package.zsh'
[0.916s] Level 1:colcon.colcon_core.environment:create_file_with_runtime_dependencies(/home/piotr/ros2_ws/install/mycobot_moveit_config/share/colcon-core/packages/mycobot_moveit_config)
[0.917s] DEBUG:colcon.colcon_core.event_handler.log_command:Invoked command in '/home/piotr/ros2_ws/build/yahboom_rosmaster_description' returned '0': CMAKE_PREFIX_PATH=${CMAKE_PREFIX_PATH}:/opt/ros/jazzy DEBUGINFOD_URLS=https://debuginfod.ubuntu.com /usr/bin/cmake --build /home/piotr/ros2_ws/build/yahboom_rosmaster_description -- -j16 -l16
[0.918s] DEBUG:colcon.colcon_core.event_handler.log_command:Invoking command in '/home/piotr/ros2_ws/build/yahboom_rosmaster_description': CMAKE_PREFIX_PATH=${CMAKE_PREFIX_PATH}:/opt/ros/jazzy DEBUGINFOD_URLS=https://debuginfod.ubuntu.com /usr/bin/cmake --install /home/piotr/ros2_ws/build/yahboom_rosmaster_description
[0.919s] Level 1:colcon.colcon_core.environment:create_environment_scripts_only(mycobot_description)
[0.919s] Level 1:colcon.colcon_core.environment:checking '/home/piotr/ros2_ws/install/mycobot_description' for CMake module files
[0.920s] DEBUG:colcon.colcon_core.event_handler.log_command:Invoked command in '/home/piotr/ros2_ws/build/mycobot_description' returned '0': CMAKE_PREFIX_PATH=${CMAKE_PREFIX_PATH}:/opt/ros/jazzy DEBUGINFOD_URLS=https://debuginfod.ubuntu.com /usr/bin/cmake --install /home/piotr/ros2_ws/build/mycobot_description
[0.920s] Level 1:colcon.colcon_core.environment:checking '/home/piotr/ros2_ws/install/mycobot_description' for CMake config files
[0.920s] Level 1:colcon.colcon_core.shell:create_environment_hook('mycobot_description', 'cmake_prefix_path')
[0.920s] INFO:colcon.colcon_core.shell:Creating environment hook '/home/piotr/ros2_ws/install/mycobot_description/share/mycobot_description/hook/cmake_prefix_path.ps1'
[0.920s] INFO:colcon.colcon_core.shell:Creating environment descriptor '/home/piotr/ros2_ws/install/mycobot_description/share/mycobot_description/hook/cmake_prefix_path.dsv'
[0.920s] INFO:colcon.colcon_core.shell:Creating environment hook '/home/piotr/ros2_ws/install/mycobot_description/share/mycobot_description/hook/cmake_prefix_path.sh'
[0.921s] Level 1:colcon.colcon_core.environment:checking '/home/piotr/ros2_ws/install/mycobot_description/bin'
[0.921s] Level 1:colcon.colcon_core.environment:checking '/home/piotr/ros2_ws/install/mycobot_description/lib/pkgconfig/mycobot_description.pc'
[0.921s] Level 1:colcon.colcon_core.environment:checking '/home/piotr/ros2_ws/install/mycobot_description/lib/python3.12/site-packages'
[0.921s] Level 1:colcon.colcon_core.environment:checking '/home/piotr/ros2_ws/install/mycobot_description/bin'
[0.921s] INFO:colcon.colcon_core.shell:Creating package script '/home/piotr/ros2_ws/install/mycobot_description/share/mycobot_description/package.ps1'
[0.922s] INFO:colcon.colcon_core.shell:Creating package descriptor '/home/piotr/ros2_ws/install/mycobot_description/share/mycobot_description/package.dsv'
[0.922s] INFO:colcon.colcon_core.shell:Creating package script '/home/piotr/ros2_ws/install/mycobot_description/share/mycobot_description/package.sh'
[0.922s] INFO:colcon.colcon_core.shell:Creating package script '/home/piotr/ros2_ws/install/mycobot_description/share/mycobot_description/package.bash'
[0.922s] INFO:colcon.colcon_core.shell:Creating package script '/home/piotr/ros2_ws/install/mycobot_description/share/mycobot_description/package.zsh'
[0.922s] Level 1:colcon.colcon_core.environment:create_file_with_runtime_dependencies(/home/piotr/ros2_ws/install/mycobot_description/share/colcon-core/packages/mycobot_description)
[0.923s] Level 1:colcon.colcon_core.environment:create_environment_scripts_only(mycobot_description)
[0.923s] Level 1:colcon.colcon_core.environment:checking '/home/piotr/ros2_ws/install/mycobot_description' for CMake module files
[0.923s] Level 1:colcon.colcon_core.environment:checking '/home/piotr/ros2_ws/install/mycobot_description' for CMake config files
[0.923s] Level 1:colcon.colcon_core.shell:create_environment_hook('mycobot_description', 'cmake_prefix_path')
[0.923s] INFO:colcon.colcon_core.shell:Creating environment hook '/home/piotr/ros2_ws/install/mycobot_description/share/mycobot_description/hook/cmake_prefix_path.ps1'
[0.924s] INFO:colcon.colcon_core.shell:Creating environment descriptor '/home/piotr/ros2_ws/install/mycobot_description/share/mycobot_description/hook/cmake_prefix_path.dsv'
[0.924s] INFO:colcon.colcon_core.shell:Creating environment hook '/home/piotr/ros2_ws/install/mycobot_description/share/mycobot_description/hook/cmake_prefix_path.sh'
[0.924s] Level 1:colcon.colcon_core.environment:checking '/home/piotr/ros2_ws/install/mycobot_description/bin'
[0.924s] Level 1:colcon.colcon_core.environment:checking '/home/piotr/ros2_ws/install/mycobot_description/lib/pkgconfig/mycobot_description.pc'
[0.924s] Level 1:colcon.colcon_core.environment:checking '/home/piotr/ros2_ws/install/mycobot_description/lib/python3.12/site-packages'
[0.924s] Level 1:colcon.colcon_core.environment:checking '/home/piotr/ros2_ws/install/mycobot_description/bin'
[0.924s] INFO:colcon.colcon_core.shell:Creating package script '/home/piotr/ros2_ws/install/mycobot_description/share/mycobot_description/package.ps1'
[0.925s] INFO:colcon.colcon_core.shell:Creating package descriptor '/home/piotr/ros2_ws/install/mycobot_description/share/mycobot_description/package.dsv'
[0.925s] INFO:colcon.colcon_core.shell:Creating package script '/home/piotr/ros2_ws/install/mycobot_description/share/mycobot_description/package.sh'
[0.925s] INFO:colcon.colcon_core.shell:Creating package script '/home/piotr/ros2_ws/install/mycobot_description/share/mycobot_description/package.bash'
[0.925s] INFO:colcon.colcon_core.shell:Creating package script '/home/piotr/ros2_ws/install/mycobot_description/share/mycobot_description/package.zsh'
[0.926s] Level 1:colcon.colcon_core.environment:create_file_with_runtime_dependencies(/home/piotr/ros2_ws/install/mycobot_description/share/colcon-core/packages/mycobot_description)
[0.926s] Level 1:colcon.colcon_core.environment:create_environment_scripts_only(yahboom_rosmaster_bringup)
[0.926s] Level 1:colcon.colcon_core.environment:checking '/home/piotr/ros2_ws/install/yahboom_rosmaster_bringup' for CMake module files
[0.927s] DEBUG:colcon.colcon_core.event_handler.log_command:Invoked command in '/home/piotr/ros2_ws/build/yahboom_rosmaster_bringup' returned '0': CMAKE_PREFIX_PATH=${CMAKE_PREFIX_PATH}:/opt/ros/jazzy DEBUGINFOD_URLS=https://debuginfod.ubuntu.com /usr/bin/cmake --install /home/piotr/ros2_ws/build/yahboom_rosmaster_bringup
[0.928s] Level 1:colcon.colcon_core.environment:checking '/home/piotr/ros2_ws/install/yahboom_rosmaster_bringup' for CMake config files
[0.928s] Level 1:colcon.colcon_core.shell:create_environment_hook('yahboom_rosmaster_bringup', 'cmake_prefix_path')
[0.928s] INFO:colcon.colcon_core.shell:Creating environment hook '/home/piotr/ros2_ws/install/yahboom_rosmaster_bringup/share/yahboom_rosmaster_bringup/hook/cmake_prefix_path.ps1'
[0.929s] INFO:colcon.colcon_core.shell:Creating environment descriptor '/home/piotr/ros2_ws/install/yahboom_rosmaster_bringup/share/yahboom_rosmaster_bringup/hook/cmake_prefix_path.dsv'
[0.929s] INFO:colcon.colcon_core.shell:Creating environment hook '/home/piotr/ros2_ws/install/yahboom_rosmaster_bringup/share/yahboom_rosmaster_bringup/hook/cmake_prefix_path.sh'
[0.929s] Level 1:colcon.colcon_core.environment:checking '/home/piotr/ros2_ws/install/yahboom_rosmaster_bringup/bin'
[0.929s] Level 1:colcon.colcon_core.environment:checking '/home/piotr/ros2_ws/install/yahboom_rosmaster_bringup/lib/pkgconfig/yahboom_rosmaster_bringup.pc'
[0.929s] Level 1:colcon.colcon_core.environment:checking '/home/piotr/ros2_ws/install/yahboom_rosmaster_bringup/lib/python3.12/site-packages'
[0.930s] Level 1:colcon.colcon_core.environment:checking '/home/piotr/ros2_ws/install/yahboom_rosmaster_bringup/bin'
[0.930s] INFO:colcon.colcon_core.shell:Creating package script '/home/piotr/ros2_ws/install/yahboom_rosmaster_bringup/share/yahboom_rosmaster_bringup/package.ps1'
[0.930s] INFO:colcon.colcon_core.shell:Creating package descriptor '/home/piotr/ros2_ws/install/yahboom_rosmaster_bringup/share/yahboom_rosmaster_bringup/package.dsv'
[0.930s] INFO:colcon.colcon_core.shell:Creating package script '/home/piotr/ros2_ws/install/yahboom_rosmaster_bringup/share/yahboom_rosmaster_bringup/package.sh'
[0.931s] INFO:colcon.colcon_core.shell:Creating package script '/home/piotr/ros2_ws/install/yahboom_rosmaster_bringup/share/yahboom_rosmaster_bringup/package.bash'
[0.931s] INFO:colcon.colcon_core.shell:Creating package script '/home/piotr/ros2_ws/install/yahboom_rosmaster_bringup/share/yahboom_rosmaster_bringup/package.zsh'
[0.931s] Level 1:colcon.colcon_core.environment:create_file_with_runtime_dependencies(/home/piotr/ros2_ws/install/yahboom_rosmaster_bringup/share/colcon-core/packages/yahboom_rosmaster_bringup)
[0.931s] Level 1:colcon.colcon_core.environment:create_environment_scripts_only(yahboom_rosmaster_bringup)
[0.931s] Level 1:colcon.colcon_core.environment:checking '/home/piotr/ros2_ws/install/yahboom_rosmaster_bringup' for CMake module files
[0.932s] Level 1:colcon.colcon_core.environment:checking '/home/piotr/ros2_ws/install/yahboom_rosmaster_bringup' for CMake config files
[0.932s] Level 1:colcon.colcon_core.shell:create_environment_hook('yahboom_rosmaster_bringup', 'cmake_prefix_path')
[0.932s] INFO:colcon.colcon_core.shell:Creating environment hook '/home/piotr/ros2_ws/install/yahboom_rosmaster_bringup/share/yahboom_rosmaster_bringup/hook/cmake_prefix_path.ps1'
[0.932s] INFO:colcon.colcon_core.shell:Creating environment descriptor '/home/piotr/ros2_ws/install/yahboom_rosmaster_bringup/share/yahboom_rosmaster_bringup/hook/cmake_prefix_path.dsv'
[0.932s] INFO:colcon.colcon_core.shell:Creating environment hook '/home/piotr/ros2_ws/install/yahboom_rosmaster_bringup/share/yahboom_rosmaster_bringup/hook/cmake_prefix_path.sh'
[0.933s] Level 1:colcon.colcon_core.environment:checking '/home/piotr/ros2_ws/install/yahboom_rosmaster_bringup/bin'
[0.933s] Level 1:colcon.colcon_core.environment:checking '/home/piotr/ros2_ws/install/yahboom_rosmaster_bringup/lib/pkgconfig/yahboom_rosmaster_bringup.pc'
[0.933s] Level 1:colcon.colcon_core.environment:checking '/home/piotr/ros2_ws/install/yahboom_rosmaster_bringup/lib/python3.12/site-packages'
[0.933s] Level 1:colcon.colcon_core.environment:checking '/home/piotr/ros2_ws/install/yahboom_rosmaster_bringup/bin'
[0.933s] INFO:colcon.colcon_core.shell:Creating package script '/home/piotr/ros2_ws/install/yahboom_rosmaster_bringup/share/yahboom_rosmaster_bringup/package.ps1'
[0.934s] INFO:colcon.colcon_core.shell:Creating package descriptor '/home/piotr/ros2_ws/install/yahboom_rosmaster_bringup/share/yahboom_rosmaster_bringup/package.dsv'
[0.934s] INFO:colcon.colcon_core.shell:Creating package script '/home/piotr/ros2_ws/install/yahboom_rosmaster_bringup/share/yahboom_rosmaster_bringup/package.sh'
[0.934s] INFO:colcon.colcon_core.shell:Creating package script '/home/piotr/ros2_ws/install/yahboom_rosmaster_bringup/share/yahboom_rosmaster_bringup/package.bash'
[0.935s] INFO:colcon.colcon_core.shell:Creating package script '/home/piotr/ros2_ws/install/yahboom_rosmaster_bringup/share/yahboom_rosmaster_bringup/package.zsh'
[0.935s] Level 1:colcon.colcon_core.environment:create_file_with_runtime_dependencies(/home/piotr/ros2_ws/install/yahboom_rosmaster_bringup/share/colcon-core/packages/yahboom_rosmaster_bringup)
[0.952s] Level 1:colcon.colcon_core.environment:create_environment_scripts_only(yahboom_rosmaster_description)
[0.952s] DEBUG:colcon.colcon_core.event_handler.log_command:Invoked command in '/home/piotr/ros2_ws/build/yahboom_rosmaster_description' returned '0': CMAKE_PREFIX_PATH=${CMAKE_PREFIX_PATH}:/opt/ros/jazzy DEBUGINFOD_URLS=https://debuginfod.ubuntu.com /usr/bin/cmake --install /home/piotr/ros2_ws/build/yahboom_rosmaster_description
[0.953s] Level 1:colcon.colcon_core.environment:checking '/home/piotr/ros2_ws/install/yahboom_rosmaster_description' for CMake module files
[0.953s] Level 1:colcon.colcon_core.environment:checking '/home/piotr/ros2_ws/install/yahboom_rosmaster_description' for CMake config files
[0.953s] Level 1:colcon.colcon_core.shell:create_environment_hook('yahboom_rosmaster_description', 'cmake_prefix_path')
[0.953s] INFO:colcon.colcon_core.shell:Creating environment hook '/home/piotr/ros2_ws/install/yahboom_rosmaster_description/share/yahboom_rosmaster_description/hook/cmake_prefix_path.ps1'
[0.954s] INFO:colcon.colcon_core.shell:Creating environment descriptor '/home/piotr/ros2_ws/install/yahboom_rosmaster_description/share/yahboom_rosmaster_description/hook/cmake_prefix_path.dsv'
[0.954s] INFO:colcon.colcon_core.shell:Creating environment hook '/home/piotr/ros2_ws/install/yahboom_rosmaster_description/share/yahboom_rosmaster_description/hook/cmake_prefix_path.sh'
[0.954s] Level 1:colcon.colcon_core.environment:checking '/home/piotr/ros2_ws/install/yahboom_rosmaster_description/bin'
[0.954s] Level 1:colcon.colcon_core.environment:checking '/home/piotr/ros2_ws/install/yahboom_rosmaster_description/lib/pkgconfig/yahboom_rosmaster_description.pc'
[0.954s] Level 1:colcon.colcon_core.environment:checking '/home/piotr/ros2_ws/install/yahboom_rosmaster_description/lib/python3.12/site-packages'
[0.954s] Level 1:colcon.colcon_core.environment:checking '/home/piotr/ros2_ws/install/yahboom_rosmaster_description/bin'
[0.954s] INFO:colcon.colcon_core.shell:Creating package script '/home/piotr/ros2_ws/install/yahboom_rosmaster_description/share/yahboom_rosmaster_description/package.ps1'
[0.955s] INFO:colcon.colcon_core.shell:Creating package descriptor '/home/piotr/ros2_ws/install/yahboom_rosmaster_description/share/yahboom_rosmaster_description/package.dsv'
[0.955s] INFO:colcon.colcon_core.shell:Creating package script '/home/piotr/ros2_ws/install/yahboom_rosmaster_description/share/yahboom_rosmaster_description/package.sh'
[0.955s] INFO:colcon.colcon_core.shell:Creating package script '/home/piotr/ros2_ws/install/yahboom_rosmaster_description/share/yahboom_rosmaster_description/package.bash'
[0.955s] INFO:colcon.colcon_core.shell:Creating package script '/home/piotr/ros2_ws/install/yahboom_rosmaster_description/share/yahboom_rosmaster_description/package.zsh'
[0.955s] Level 1:colcon.colcon_core.environment:create_file_with_runtime_dependencies(/home/piotr/ros2_ws/install/yahboom_rosmaster_description/share/colcon-core/packages/yahboom_rosmaster_description)
[0.956s] Level 1:colcon.colcon_core.environment:create_environment_scripts_only(yahboom_rosmaster_description)
[0.956s] Level 1:colcon.colcon_core.environment:checking '/home/piotr/ros2_ws/install/yahboom_rosmaster_description' for CMake module files
[0.956s] Level 1:colcon.colcon_core.environment:checking '/home/piotr/ros2_ws/install/yahboom_rosmaster_description' for CMake config files
[0.956s] Level 1:colcon.colcon_core.shell:create_environment_hook('yahboom_rosmaster_description', 'cmake_prefix_path')
[0.956s] INFO:colcon.colcon_core.shell:Creating environment hook '/home/piotr/ros2_ws/install/yahboom_rosmaster_description/share/yahboom_rosmaster_description/hook/cmake_prefix_path.ps1'
[0.957s] INFO:colcon.colcon_core.shell:Creating environment descriptor '/home/piotr/ros2_ws/install/yahboom_rosmaster_description/share/yahboom_rosmaster_description/hook/cmake_prefix_path.dsv'
[0.957s] INFO:colcon.colcon_core.shell:Creating environment hook '/home/piotr/ros2_ws/install/yahboom_rosmaster_description/share/yahboom_rosmaster_description/hook/cmake_prefix_path.sh'
[0.957s] Level 1:colcon.colcon_core.environment:checking '/home/piotr/ros2_ws/install/yahboom_rosmaster_description/bin'
[0.957s] Level 1:colcon.colcon_core.environment:checking '/home/piotr/ros2_ws/install/yahboom_rosmaster_description/lib/pkgconfig/yahboom_rosmaster_description.pc'
[0.957s] Level 1:colcon.colcon_core.environment:checking '/home/piotr/ros2_ws/install/yahboom_rosmaster_description/lib/python3.12/site-packages'
[0.957s] Level 1:colcon.colcon_core.environment:checking '/home/piotr/ros2_ws/install/yahboom_rosmaster_description/bin'
[0.958s] INFO:colcon.colcon_core.shell:Creating package script '/home/piotr/ros2_ws/install/yahboom_rosmaster_description/share/yahboom_rosmaster_description/package.ps1'
[0.958s] INFO:colcon.colcon_core.shell:Creating package descriptor '/home/piotr/ros2_ws/install/yahboom_rosmaster_description/share/yahboom_rosmaster_description/package.dsv'
[0.958s] INFO:colcon.colcon_core.shell:Creating package script '/home/piotr/ros2_ws/install/yahboom_rosmaster_description/share/yahboom_rosmaster_description/package.sh'
[0.958s] INFO:colcon.colcon_core.shell:Creating package script '/home/piotr/ros2_ws/install/yahboom_rosmaster_description/share/yahboom_rosmaster_description/package.bash'
[0.959s] INFO:colcon.colcon_core.shell:Creating package script '/home/piotr/ros2_ws/install/yahboom_rosmaster_description/share/yahboom_rosmaster_description/package.zsh'
[0.959s] Level 1:colcon.colcon_core.environment:create_file_with_runtime_dependencies(/home/piotr/ros2_ws/install/yahboom_rosmaster_description/share/colcon-core/packages/yahboom_rosmaster_description)
[1.191s] DEBUG:colcon.colcon_core.event_handler.log_command:Invoked command in '/home/piotr/ros2_ws/build/yahboom_rosmaster_system_tests' returned '0': CMAKE_PREFIX_PATH=${CMAKE_PREFIX_PATH}:/opt/ros/jazzy DEBUGINFOD_URLS=https://debuginfod.ubuntu.com /usr/bin/cmake /home/piotr/ros2_ws/src/yahboom_rosmaster/yahboom_rosmaster_system_tests -DCMAKE_INSTALL_PREFIX=/home/piotr/ros2_ws/install/yahboom_rosmaster_system_tests
[1.192s] DEBUG:colcon.colcon_core.event_handler.log_command:Invoking command in '/home/piotr/ros2_ws/build/yahboom_rosmaster_system_tests': CMAKE_PREFIX_PATH=${CMAKE_PREFIX_PATH}:/opt/ros/jazzy DEBUGINFOD_URLS=https://debuginfod.ubuntu.com /usr/bin/cmake --build /home/piotr/ros2_ws/build/yahboom_rosmaster_system_tests -- -j16 -l16
[1.226s] DEBUG:colcon.colcon_core.event_handler.log_command:Invoked command in '/home/piotr/ros2_ws/build/mycobot_system_tests' returned '0': CMAKE_PREFIX_PATH=${CMAKE_PREFIX_PATH}:/opt/ros/jazzy DEBUGINFOD_URLS=https://debuginfod.ubuntu.com /usr/bin/cmake /home/piotr/ros2_ws/src/mycobot_ros2/mycobot_system_tests -DCMAKE_INSTALL_PREFIX=/home/piotr/ros2_ws/install/mycobot_system_tests
[1.227s] DEBUG:colcon.colcon_core.event_handler.log_command:Invoking command in '/home/piotr/ros2_ws/build/mycobot_system_tests': CMAKE_PREFIX_PATH=${CMAKE_PREFIX_PATH}:/opt/ros/jazzy DEBUGINFOD_URLS=https://debuginfod.ubuntu.com /usr/bin/cmake --build /home/piotr/ros2_ws/build/mycobot_system_tests -- -j16 -l16
[1.230s] DEBUG:colcon.colcon_core.event_handler.log_command:Invoked command in '/home/piotr/ros2_ws/build/yahboom_rosmaster_system_tests' returned '0': CMAKE_PREFIX_PATH=${CMAKE_PREFIX_PATH}:/opt/ros/jazzy DEBUGINFOD_URLS=https://debuginfod.ubuntu.com /usr/bin/cmake --build /home/piotr/ros2_ws/build/yahboom_rosmaster_system_tests -- -j16 -l16
[1.230s] DEBUG:colcon.colcon_core.event_handler.log_command:Invoking command in '/home/piotr/ros2_ws/build/yahboom_rosmaster_system_tests': CMAKE_PREFIX_PATH=${CMAKE_PREFIX_PATH}:/opt/ros/jazzy DEBUGINFOD_URLS=https://debuginfod.ubuntu.com /usr/bin/cmake --install /home/piotr/ros2_ws/build/yahboom_rosmaster_system_tests
[1.239s] Level 1:colcon.colcon_core.environment:create_environment_scripts_only(yahboom_rosmaster_system_tests)
[1.239s] DEBUG:colcon.colcon_core.event_handler.log_command:Invoked command in '/home/piotr/ros2_ws/build/yahboom_rosmaster_system_tests' returned '0': CMAKE_PREFIX_PATH=${CMAKE_PREFIX_PATH}:/opt/ros/jazzy DEBUGINFOD_URLS=https://debuginfod.ubuntu.com /usr/bin/cmake --install /home/piotr/ros2_ws/build/yahboom_rosmaster_system_tests
[1.239s] Level 1:colcon.colcon_core.environment:checking '/home/piotr/ros2_ws/install/yahboom_rosmaster_system_tests' for CMake module files
[1.240s] Level 1:colcon.colcon_core.environment:checking '/home/piotr/ros2_ws/install/yahboom_rosmaster_system_tests' for CMake config files
[1.240s] Level 1:colcon.colcon_core.shell:create_environment_hook('yahboom_rosmaster_system_tests', 'cmake_prefix_path')
[1.240s] INFO:colcon.colcon_core.shell:Creating environment hook '/home/piotr/ros2_ws/install/yahboom_rosmaster_system_tests/share/yahboom_rosmaster_system_tests/hook/cmake_prefix_path.ps1'
[1.240s] INFO:colcon.colcon_core.shell:Creating environment descriptor '/home/piotr/ros2_ws/install/yahboom_rosmaster_system_tests/share/yahboom_rosmaster_system_tests/hook/cmake_prefix_path.dsv'
[1.240s] INFO:colcon.colcon_core.shell:Creating environment hook '/home/piotr/ros2_ws/install/yahboom_rosmaster_system_tests/share/yahboom_rosmaster_system_tests/hook/cmake_prefix_path.sh'
[1.241s] Level 1:colcon.colcon_core.environment:checking '/home/piotr/ros2_ws/install/yahboom_rosmaster_system_tests/bin'
[1.241s] Level 1:colcon.colcon_core.environment:checking '/home/piotr/ros2_ws/install/yahboom_rosmaster_system_tests/lib/pkgconfig/yahboom_rosmaster_system_tests.pc'
[1.241s] Level 1:colcon.colcon_core.environment:checking '/home/piotr/ros2_ws/install/yahboom_rosmaster_system_tests/lib/python3.12/site-packages'
[1.241s] Level 1:colcon.colcon_core.environment:checking '/home/piotr/ros2_ws/install/yahboom_rosmaster_system_tests/bin'
[1.241s] INFO:colcon.colcon_core.shell:Creating package script '/home/piotr/ros2_ws/install/yahboom_rosmaster_system_tests/share/yahboom_rosmaster_system_tests/package.ps1'
[1.241s] INFO:colcon.colcon_core.shell:Creating package descriptor '/home/piotr/ros2_ws/install/yahboom_rosmaster_system_tests/share/yahboom_rosmaster_system_tests/package.dsv'
[1.242s] INFO:colcon.colcon_core.shell:Creating package script '/home/piotr/ros2_ws/install/yahboom_rosmaster_system_tests/share/yahboom_rosmaster_system_tests/package.sh'
[1.242s] INFO:colcon.colcon_core.shell:Creating package script '/home/piotr/ros2_ws/install/yahboom_rosmaster_system_tests/share/yahboom_rosmaster_system_tests/package.bash'
[1.242s] INFO:colcon.colcon_core.shell:Creating package script '/home/piotr/ros2_ws/install/yahboom_rosmaster_system_tests/share/yahboom_rosmaster_system_tests/package.zsh'
[1.242s] Level 1:colcon.colcon_core.environment:create_file_with_runtime_dependencies(/home/piotr/ros2_ws/install/yahboom_rosmaster_system_tests/share/colcon-core/packages/yahboom_rosmaster_system_tests)
[1.242s] Level 1:colcon.colcon_core.environment:create_environment_scripts_only(yahboom_rosmaster_system_tests)
[1.242s] Level 1:colcon.colcon_core.environment:checking '/home/piotr/ros2_ws/install/yahboom_rosmaster_system_tests' for CMake module files
[1.243s] Level 1:colcon.colcon_core.environment:checking '/home/piotr/ros2_ws/install/yahboom_rosmaster_system_tests' for CMake config files
[1.243s] Level 1:colcon.colcon_core.shell:create_environment_hook('yahboom_rosmaster_system_tests', 'cmake_prefix_path')
[1.243s] INFO:colcon.colcon_core.shell:Creating environment hook '/home/piotr/ros2_ws/install/yahboom_rosmaster_system_tests/share/yahboom_rosmaster_system_tests/hook/cmake_prefix_path.ps1'
[1.243s] INFO:colcon.colcon_core.shell:Creating environment descriptor '/home/piotr/ros2_ws/install/yahboom_rosmaster_system_tests/share/yahboom_rosmaster_system_tests/hook/cmake_prefix_path.dsv'
[1.243s] INFO:colcon.colcon_core.shell:Creating environment hook '/home/piotr/ros2_ws/install/yahboom_rosmaster_system_tests/share/yahboom_rosmaster_system_tests/hook/cmake_prefix_path.sh'
[1.243s] Level 1:colcon.colcon_core.environment:checking '/home/piotr/ros2_ws/install/yahboom_rosmaster_system_tests/bin'
[1.243s] Level 1:colcon.colcon_core.environment:checking '/home/piotr/ros2_ws/install/yahboom_rosmaster_system_tests/lib/pkgconfig/yahboom_rosmaster_system_tests.pc'
[1.244s] Level 1:colcon.colcon_core.environment:checking '/home/piotr/ros2_ws/install/yahboom_rosmaster_system_tests/lib/python3.12/site-packages'
[1.244s] Level 1:colcon.colcon_core.environment:checking '/home/piotr/ros2_ws/install/yahboom_rosmaster_system_tests/bin'
[1.244s] INFO:colcon.colcon_core.shell:Creating package script '/home/piotr/ros2_ws/install/yahboom_rosmaster_system_tests/share/yahboom_rosmaster_system_tests/package.ps1'
[1.244s] INFO:colcon.colcon_core.shell:Creating package descriptor '/home/piotr/ros2_ws/install/yahboom_rosmaster_system_tests/share/yahboom_rosmaster_system_tests/package.dsv'
[1.244s] INFO:colcon.colcon_core.shell:Creating package script '/home/piotr/ros2_ws/install/yahboom_rosmaster_system_tests/share/yahboom_rosmaster_system_tests/package.sh'
[1.245s] INFO:colcon.colcon_core.shell:Creating package script '/home/piotr/ros2_ws/install/yahboom_rosmaster_system_tests/share/yahboom_rosmaster_system_tests/package.bash'
[1.245s] INFO:colcon.colcon_core.shell:Creating package script '/home/piotr/ros2_ws/install/yahboom_rosmaster_system_tests/share/yahboom_rosmaster_system_tests/package.zsh'
[1.245s] Level 1:colcon.colcon_core.environment:create_file_with_runtime_dependencies(/home/piotr/ros2_ws/install/yahboom_rosmaster_system_tests/share/colcon-core/packages/yahboom_rosmaster_system_tests)
[1.998s] DEBUG:colcon.colcon_core.event_handler.log_command:Invoked command in '/home/piotr/ros2_ws/build/yahboom_rosmaster_gazebo' returned '0': CMAKE_PREFIX_PATH=${CMAKE_PREFIX_PATH}:/opt/ros/jazzy DEBUGINFOD_URLS=https://debuginfod.ubuntu.com /usr/bin/cmake /home/piotr/ros2_ws/src/yahboom_rosmaster/yahboom_rosmaster_gazebo -DCMAKE_INSTALL_PREFIX=/home/piotr/ros2_ws/install/yahboom_rosmaster_gazebo
[1.999s] DEBUG:colcon.colcon_core.event_handler.log_command:Invoking command in '/home/piotr/ros2_ws/build/yahboom_rosmaster_gazebo': CMAKE_PREFIX_PATH=${CMAKE_PREFIX_PATH}:/opt/ros/jazzy DEBUGINFOD_URLS=https://debuginfod.ubuntu.com /usr/bin/cmake --build /home/piotr/ros2_ws/build/yahboom_rosmaster_gazebo -- -j16 -l16
[2.042s] DEBUG:colcon.colcon_core.event_handler.log_command:Invoked command in '/home/piotr/ros2_ws/build/yahboom_rosmaster_gazebo' returned '0': CMAKE_PREFIX_PATH=${CMAKE_PREFIX_PATH}:/opt/ros/jazzy DEBUGINFOD_URLS=https://debuginfod.ubuntu.com /usr/bin/cmake --build /home/piotr/ros2_ws/build/yahboom_rosmaster_gazebo -- -j16 -l16
[2.044s] DEBUG:colcon.colcon_core.event_handler.log_command:Invoking command in '/home/piotr/ros2_ws/build/yahboom_rosmaster_gazebo': CMAKE_PREFIX_PATH=${CMAKE_PREFIX_PATH}:/opt/ros/jazzy DEBUGINFOD_URLS=https://debuginfod.ubuntu.com /usr/bin/cmake --install /home/piotr/ros2_ws/build/yahboom_rosmaster_gazebo
[2.053s] Level 1:colcon.colcon_core.environment:create_environment_scripts_only(yahboom_rosmaster_gazebo)
[2.053s] Level 1:colcon.colcon_core.environment:checking '/home/piotr/ros2_ws/install/yahboom_rosmaster_gazebo' for CMake module files
[2.054s] DEBUG:colcon.colcon_core.event_handler.log_command:Invoked command in '/home/piotr/ros2_ws/build/yahboom_rosmaster_gazebo' returned '0': CMAKE_PREFIX_PATH=${CMAKE_PREFIX_PATH}:/opt/ros/jazzy DEBUGINFOD_URLS=https://debuginfod.ubuntu.com /usr/bin/cmake --install /home/piotr/ros2_ws/build/yahboom_rosmaster_gazebo
[2.054s] Level 1:colcon.colcon_core.environment:checking '/home/piotr/ros2_ws/install/yahboom_rosmaster_gazebo' for CMake config files
[2.054s] Level 1:colcon.colcon_core.shell:create_environment_hook('yahboom_rosmaster_gazebo', 'cmake_prefix_path')
[2.054s] INFO:colcon.colcon_core.shell:Creating environment hook '/home/piotr/ros2_ws/install/yahboom_rosmaster_gazebo/share/yahboom_rosmaster_gazebo/hook/cmake_prefix_path.ps1'
[2.055s] INFO:colcon.colcon_core.shell:Creating environment descriptor '/home/piotr/ros2_ws/install/yahboom_rosmaster_gazebo/share/yahboom_rosmaster_gazebo/hook/cmake_prefix_path.dsv'
[2.055s] INFO:colcon.colcon_core.shell:Creating environment hook '/home/piotr/ros2_ws/install/yahboom_rosmaster_gazebo/share/yahboom_rosmaster_gazebo/hook/cmake_prefix_path.sh'
[2.057s] Level 1:colcon.colcon_core.environment:checking '/home/piotr/ros2_ws/install/yahboom_rosmaster_gazebo/bin'
[2.057s] Level 1:colcon.colcon_core.environment:checking '/home/piotr/ros2_ws/install/yahboom_rosmaster_gazebo/lib/pkgconfig/yahboom_rosmaster_gazebo.pc'
[2.057s] Level 1:colcon.colcon_core.environment:checking '/home/piotr/ros2_ws/install/yahboom_rosmaster_gazebo/lib/python3.12/site-packages'
[2.057s] Level 1:colcon.colcon_core.environment:checking '/home/piotr/ros2_ws/install/yahboom_rosmaster_gazebo/bin'
[2.057s] INFO:colcon.colcon_core.shell:Creating package script '/home/piotr/ros2_ws/install/yahboom_rosmaster_gazebo/share/yahboom_rosmaster_gazebo/package.ps1'
[2.057s] INFO:colcon.colcon_core.shell:Creating package descriptor '/home/piotr/ros2_ws/install/yahboom_rosmaster_gazebo/share/yahboom_rosmaster_gazebo/package.dsv'
[2.057s] INFO:colcon.colcon_core.shell:Creating package script '/home/piotr/ros2_ws/install/yahboom_rosmaster_gazebo/share/yahboom_rosmaster_gazebo/package.sh'
[2.058s] INFO:colcon.colcon_core.shell:Creating package script '/home/piotr/ros2_ws/install/yahboom_rosmaster_gazebo/share/yahboom_rosmaster_gazebo/package.bash'
[2.058s] INFO:colcon.colcon_core.shell:Creating package script '/home/piotr/ros2_ws/install/yahboom_rosmaster_gazebo/share/yahboom_rosmaster_gazebo/package.zsh'
[2.058s] Level 1:colcon.colcon_core.environment:create_file_with_runtime_dependencies(/home/piotr/ros2_ws/install/yahboom_rosmaster_gazebo/share/colcon-core/packages/yahboom_rosmaster_gazebo)
[2.058s] Level 1:colcon.colcon_core.environment:create_environment_scripts_only(yahboom_rosmaster_gazebo)
[2.058s] Level 1:colcon.colcon_core.environment:checking '/home/piotr/ros2_ws/install/yahboom_rosmaster_gazebo' for CMake module files
[2.059s] Level 1:colcon.colcon_core.environment:checking '/home/piotr/ros2_ws/install/yahboom_rosmaster_gazebo' for CMake config files
[2.059s] Level 1:colcon.colcon_core.shell:create_environment_hook('yahboom_rosmaster_gazebo', 'cmake_prefix_path')
[2.059s] INFO:colcon.colcon_core.shell:Creating environment hook '/home/piotr/ros2_ws/install/yahboom_rosmaster_gazebo/share/yahboom_rosmaster_gazebo/hook/cmake_prefix_path.ps1'
[2.059s] INFO:colcon.colcon_core.shell:Creating environment descriptor '/home/piotr/ros2_ws/install/yahboom_rosmaster_gazebo/share/yahboom_rosmaster_gazebo/hook/cmake_prefix_path.dsv'
[2.059s] INFO:colcon.colcon_core.shell:Creating environment hook '/home/piotr/ros2_ws/install/yahboom_rosmaster_gazebo/share/yahboom_rosmaster_gazebo/hook/cmake_prefix_path.sh'
[2.059s] Level 1:colcon.colcon_core.environment:checking '/home/piotr/ros2_ws/install/yahboom_rosmaster_gazebo/bin'
[2.059s] Level 1:colcon.colcon_core.environment:checking '/home/piotr/ros2_ws/install/yahboom_rosmaster_gazebo/lib/pkgconfig/yahboom_rosmaster_gazebo.pc'
[2.060s] Level 1:colcon.colcon_core.environment:checking '/home/piotr/ros2_ws/install/yahboom_rosmaster_gazebo/lib/python3.12/site-packages'
[2.060s] Level 1:colcon.colcon_core.environment:checking '/home/piotr/ros2_ws/install/yahboom_rosmaster_gazebo/bin'
[2.060s] INFO:colcon.colcon_core.shell:Creating package script '/home/piotr/ros2_ws/install/yahboom_rosmaster_gazebo/share/yahboom_rosmaster_gazebo/package.ps1'
[2.060s] INFO:colcon.colcon_core.shell:Creating package descriptor '/home/piotr/ros2_ws/install/yahboom_rosmaster_gazebo/share/yahboom_rosmaster_gazebo/package.dsv'
[2.060s] INFO:colcon.colcon_core.shell:Creating package script '/home/piotr/ros2_ws/install/yahboom_rosmaster_gazebo/share/yahboom_rosmaster_gazebo/package.sh'
[2.061s] INFO:colcon.colcon_core.shell:Creating package script '/home/piotr/ros2_ws/install/yahboom_rosmaster_gazebo/share/yahboom_rosmaster_gazebo/package.bash'
[2.061s] INFO:colcon.colcon_core.shell:Creating package script '/home/piotr/ros2_ws/install/yahboom_rosmaster_gazebo/share/yahboom_rosmaster_gazebo/package.zsh'
[2.061s] Level 1:colcon.colcon_core.environment:create_file_with_runtime_dependencies(/home/piotr/ros2_ws/install/yahboom_rosmaster_gazebo/share/colcon-core/packages/yahboom_rosmaster_gazebo)
[2.061s] INFO:colcon.colcon_ros.task.ament_cmake.build:Building ROS package in '/home/piotr/ros2_ws/src/yahboom_rosmaster/yahboom_rosmaster' with build type 'ament_cmake'
[2.062s] INFO:colcon.colcon_cmake.task.cmake.build:Building CMake package in '/home/piotr/ros2_ws/src/yahboom_rosmaster/yahboom_rosmaster'
[2.062s] INFO:colcon.colcon_core.shell:Skip shell extension 'powershell' for command environment: Not usable outside of PowerShell
[2.062s] DEBUG:colcon.colcon_core.shell:Skip shell extension 'dsv' for command environment
[2.073s] DEBUG:colcon.colcon_core.event_handler.log_command:Invoking command in '/home/piotr/ros2_ws/build/yahboom_rosmaster': AMENT_PREFIX_PATH=/home/piotr/ros2_ws/install/yahboom_rosmaster_system_tests:/home/piotr/ros2_ws/install/yahboom_rosmaster_gazebo:/home/piotr/ros2_ws/install/yahboom_rosmaster_bringup:${AMENT_PREFIX_PATH} CMAKE_PREFIX_PATH=/home/piotr/ros2_ws/install/yahboom_rosmaster_system_tests:/home/piotr/ros2_ws/install/yahboom_rosmaster_gazebo:/home/piotr/ros2_ws/install/yahboom_rosmaster_description:/home/piotr/ros2_ws/install/yahboom_rosmaster_bringup:/home/piotr/ros2_ws/install/yahboom_rosmaster:/home/piotr/ros2_ws/install/mycobot_ros2:/home/piotr/ros2_ws/install/mycobot_system_tests:/home/piotr/ros2_ws/install/mycobot_moveit_config:/home/piotr/ros2_ws/install/mycobot_gazebo:/home/piotr/ros2_ws/install/mycobot_description:/home/piotr/ros2_ws/install/mycobot_bringup:/opt/ros/jazzy/opt/gz_sim_vendor:/opt/ros/jazzy/opt/gz_sensors_vendor:/opt/ros/jazzy/opt/gz_physics_vendor:/opt/ros/jazzy/opt/sdformat_vendor:/opt/ros/jazzy/opt/gz_gui_vendor:/opt/ros/jazzy/opt/gz_transport_vendor:/opt/ros/jazzy/opt/gz_rendering_vendor:/opt/ros/jazzy/opt/gz_plugin_vendor:/opt/ros/jazzy/opt/gz_fuel_tools_vendor:/opt/ros/jazzy/opt/gz_msgs_vendor:/opt/ros/jazzy/opt/gz_common_vendor:/opt/ros/jazzy/opt/gz_math_vendor:/opt/ros/jazzy/opt/gz_utils_vendor:/opt/ros/jazzy/opt/gz_tools_vendor:/opt/ros/jazzy/opt/gz_ogre_next_vendor:/opt/ros/jazzy/opt/gz_dartsim_vendor:/opt/ros/jazzy/opt/gz_cmake_vendor:/opt/ros/jazzy DEBUGINFOD_URLS=https://debuginfod.ubuntu.com /usr/bin/cmake /home/piotr/ros2_ws/src/yahboom_rosmaster/yahboom_rosmaster -DCMAKE_INSTALL_PREFIX=/home/piotr/ros2_ws/install/yahboom_rosmaster
[2.122s] DEBUG:colcon.colcon_core.event_handler.log_command:Invoked command in '/home/piotr/ros2_ws/build/mycobot_gazebo' returned '0': CMAKE_PREFIX_PATH=${CMAKE_PREFIX_PATH}:/opt/ros/jazzy DEBUGINFOD_URLS=https://debuginfod.ubuntu.com /usr/bin/cmake /home/piotr/ros2_ws/src/mycobot_ros2/mycobot_gazebo -DCMAKE_INSTALL_PREFIX=/home/piotr/ros2_ws/install/mycobot_gazebo
[2.123s] DEBUG:colcon.colcon_core.event_handler.log_command:Invoking command in '/home/piotr/ros2_ws/build/mycobot_gazebo': CMAKE_PREFIX_PATH=${CMAKE_PREFIX_PATH}:/opt/ros/jazzy DEBUGINFOD_URLS=https://debuginfod.ubuntu.com /usr/bin/cmake --build /home/piotr/ros2_ws/build/mycobot_gazebo -- -j16 -l16
[2.165s] DEBUG:colcon.colcon_core.event_handler.log_command:Invoked command in '/home/piotr/ros2_ws/build/mycobot_gazebo' returned '0': CMAKE_PREFIX_PATH=${CMAKE_PREFIX_PATH}:/opt/ros/jazzy DEBUGINFOD_URLS=https://debuginfod.ubuntu.com /usr/bin/cmake --build /home/piotr/ros2_ws/build/mycobot_gazebo -- -j16 -l16
[2.166s] DEBUG:colcon.colcon_core.event_handler.log_command:Invoking command in '/home/piotr/ros2_ws/build/mycobot_gazebo': CMAKE_PREFIX_PATH=${CMAKE_PREFIX_PATH}:/opt/ros/jazzy DEBUGINFOD_URLS=https://debuginfod.ubuntu.com /usr/bin/cmake --install /home/piotr/ros2_ws/build/mycobot_gazebo
[2.306s] Level 1:colcon.colcon_core.environment:create_environment_scripts_only(mycobot_gazebo)
[2.306s] DEBUG:colcon.colcon_core.event_handler.log_command:Invoked command in '/home/piotr/ros2_ws/build/mycobot_gazebo' returned '0': CMAKE_PREFIX_PATH=${CMAKE_PREFIX_PATH}:/opt/ros/jazzy DEBUGINFOD_URLS=https://debuginfod.ubuntu.com /usr/bin/cmake --install /home/piotr/ros2_ws/build/mycobot_gazebo
[2.307s] Level 1:colcon.colcon_core.environment:checking '/home/piotr/ros2_ws/install/mycobot_gazebo' for CMake module files
[2.307s] Level 1:colcon.colcon_core.environment:checking '/home/piotr/ros2_ws/install/mycobot_gazebo' for CMake config files
[2.312s] Level 1:colcon.colcon_core.shell:create_environment_hook('mycobot_gazebo', 'cmake_prefix_path')
[2.312s] INFO:colcon.colcon_core.shell:Creating environment hook '/home/piotr/ros2_ws/install/mycobot_gazebo/share/mycobot_gazebo/hook/cmake_prefix_path.ps1'
[2.312s] INFO:colcon.colcon_core.shell:Creating environment descriptor '/home/piotr/ros2_ws/install/mycobot_gazebo/share/mycobot_gazebo/hook/cmake_prefix_path.dsv'
[2.313s] INFO:colcon.colcon_core.shell:Creating environment hook '/home/piotr/ros2_ws/install/mycobot_gazebo/share/mycobot_gazebo/hook/cmake_prefix_path.sh'
[2.313s] Level 1:colcon.colcon_core.environment:checking '/home/piotr/ros2_ws/install/mycobot_gazebo/bin'
[2.313s] Level 1:colcon.colcon_core.environment:checking '/home/piotr/ros2_ws/install/mycobot_gazebo/lib/pkgconfig/mycobot_gazebo.pc'
[2.313s] Level 1:colcon.colcon_core.environment:checking '/home/piotr/ros2_ws/install/mycobot_gazebo/lib/python3.12/site-packages'
[2.313s] Level 1:colcon.colcon_core.environment:checking '/home/piotr/ros2_ws/install/mycobot_gazebo/bin'
[2.313s] INFO:colcon.colcon_core.shell:Creating package script '/home/piotr/ros2_ws/install/mycobot_gazebo/share/mycobot_gazebo/package.ps1'
[2.314s] INFO:colcon.colcon_core.shell:Creating package descriptor '/home/piotr/ros2_ws/install/mycobot_gazebo/share/mycobot_gazebo/package.dsv'
[2.314s] INFO:colcon.colcon_core.shell:Creating package script '/home/piotr/ros2_ws/install/mycobot_gazebo/share/mycobot_gazebo/package.sh'
[2.314s] INFO:colcon.colcon_core.shell:Creating package script '/home/piotr/ros2_ws/install/mycobot_gazebo/share/mycobot_gazebo/package.bash'
[2.314s] INFO:colcon.colcon_core.shell:Creating package script '/home/piotr/ros2_ws/install/mycobot_gazebo/share/mycobot_gazebo/package.zsh'
[2.314s] Level 1:colcon.colcon_core.environment:create_file_with_runtime_dependencies(/home/piotr/ros2_ws/install/mycobot_gazebo/share/colcon-core/packages/mycobot_gazebo)
[2.315s] Level 1:colcon.colcon_core.environment:create_environment_scripts_only(mycobot_gazebo)
[2.315s] Level 1:colcon.colcon_core.environment:checking '/home/piotr/ros2_ws/install/mycobot_gazebo' for CMake module files
[2.315s] Level 1:colcon.colcon_core.environment:checking '/home/piotr/ros2_ws/install/mycobot_gazebo' for CMake config files
[2.318s] Level 1:colcon.colcon_core.shell:create_environment_hook('mycobot_gazebo', 'cmake_prefix_path')
[2.318s] INFO:colcon.colcon_core.shell:Creating environment hook '/home/piotr/ros2_ws/install/mycobot_gazebo/share/mycobot_gazebo/hook/cmake_prefix_path.ps1'
[2.319s] INFO:colcon.colcon_core.shell:Creating environment descriptor '/home/piotr/ros2_ws/install/mycobot_gazebo/share/mycobot_gazebo/hook/cmake_prefix_path.dsv'
[2.319s] INFO:colcon.colcon_core.shell:Creating environment hook '/home/piotr/ros2_ws/install/mycobot_gazebo/share/mycobot_gazebo/hook/cmake_prefix_path.sh'
[2.319s] Level 1:colcon.colcon_core.environment:checking '/home/piotr/ros2_ws/install/mycobot_gazebo/bin'
[2.319s] Level 1:colcon.colcon_core.environment:checking '/home/piotr/ros2_ws/install/mycobot_gazebo/lib/pkgconfig/mycobot_gazebo.pc'
[2.319s] Level 1:colcon.colcon_core.environment:checking '/home/piotr/ros2_ws/install/mycobot_gazebo/lib/python3.12/site-packages'
[2.319s] Level 1:colcon.colcon_core.environment:checking '/home/piotr/ros2_ws/install/mycobot_gazebo/bin'
[2.320s] INFO:colcon.colcon_core.shell:Creating package script '/home/piotr/ros2_ws/install/mycobot_gazebo/share/mycobot_gazebo/package.ps1'
[2.320s] INFO:colcon.colcon_core.shell:Creating package descriptor '/home/piotr/ros2_ws/install/mycobot_gazebo/share/mycobot_gazebo/package.dsv'
[2.320s] INFO:colcon.colcon_core.shell:Creating package script '/home/piotr/ros2_ws/install/mycobot_gazebo/share/mycobot_gazebo/package.sh'
[2.320s] INFO:colcon.colcon_core.shell:Creating package script '/home/piotr/ros2_ws/install/mycobot_gazebo/share/mycobot_gazebo/package.bash'
[2.320s] INFO:colcon.colcon_core.shell:Creating package script '/home/piotr/ros2_ws/install/mycobot_gazebo/share/mycobot_gazebo/package.zsh'
[2.321s] Level 1:colcon.colcon_core.environment:create_file_with_runtime_dependencies(/home/piotr/ros2_ws/install/mycobot_gazebo/share/colcon-core/packages/mycobot_gazebo)
[2.674s] DEBUG:colcon.colcon_core.event_handler.log_command:Invoked command in '/home/piotr/ros2_ws/build/yahboom_rosmaster' returned '0': AMENT_PREFIX_PATH=/home/piotr/ros2_ws/install/yahboom_rosmaster_system_tests:/home/piotr/ros2_ws/install/yahboom_rosmaster_gazebo:/home/piotr/ros2_ws/install/yahboom_rosmaster_bringup:${AMENT_PREFIX_PATH} CMAKE_PREFIX_PATH=/home/piotr/ros2_ws/install/yahboom_rosmaster_system_tests:/home/piotr/ros2_ws/install/yahboom_rosmaster_gazebo:/home/piotr/ros2_ws/install/yahboom_rosmaster_description:/home/piotr/ros2_ws/install/yahboom_rosmaster_bringup:/home/piotr/ros2_ws/install/yahboom_rosmaster:/home/piotr/ros2_ws/install/mycobot_ros2:/home/piotr/ros2_ws/install/mycobot_system_tests:/home/piotr/ros2_ws/install/mycobot_moveit_config:/home/piotr/ros2_ws/install/mycobot_gazebo:/home/piotr/ros2_ws/install/mycobot_description:/home/piotr/ros2_ws/install/mycobot_bringup:/opt/ros/jazzy/opt/gz_sim_vendor:/opt/ros/jazzy/opt/gz_sensors_vendor:/opt/ros/jazzy/opt/gz_physics_vendor:/opt/ros/jazzy/opt/sdformat_vendor:/opt/ros/jazzy/opt/gz_gui_vendor:/opt/ros/jazzy/opt/gz_transport_vendor:/opt/ros/jazzy/opt/gz_rendering_vendor:/opt/ros/jazzy/opt/gz_plugin_vendor:/opt/ros/jazzy/opt/gz_fuel_tools_vendor:/opt/ros/jazzy/opt/gz_msgs_vendor:/opt/ros/jazzy/opt/gz_common_vendor:/opt/ros/jazzy/opt/gz_math_vendor:/opt/ros/jazzy/opt/gz_utils_vendor:/opt/ros/jazzy/opt/gz_tools_vendor:/opt/ros/jazzy/opt/gz_ogre_next_vendor:/opt/ros/jazzy/opt/gz_dartsim_vendor:/opt/ros/jazzy/opt/gz_cmake_vendor:/opt/ros/jazzy DEBUGINFOD_URLS=https://debuginfod.ubuntu.com /usr/bin/cmake /home/piotr/ros2_ws/src/yahboom_rosmaster/yahboom_rosmaster -DCMAKE_INSTALL_PREFIX=/home/piotr/ros2_ws/install/yahboom_rosmaster
[2.675s] DEBUG:colcon.colcon_core.event_handler.log_command:Invoking command in '/home/piotr/ros2_ws/build/yahboom_rosmaster': AMENT_PREFIX_PATH=/home/piotr/ros2_ws/install/yahboom_rosmaster_system_tests:/home/piotr/ros2_ws/install/yahboom_rosmaster_gazebo:/home/piotr/ros2_ws/install/yahboom_rosmaster_bringup:${AMENT_PREFIX_PATH} CMAKE_PREFIX_PATH=/home/piotr/ros2_ws/install/yahboom_rosmaster_system_tests:/home/piotr/ros2_ws/install/yahboom_rosmaster_gazebo:/home/piotr/ros2_ws/install/yahboom_rosmaster_description:/home/piotr/ros2_ws/install/yahboom_rosmaster_bringup:/home/piotr/ros2_ws/install/yahboom_rosmaster:/home/piotr/ros2_ws/install/mycobot_ros2:/home/piotr/ros2_ws/install/mycobot_system_tests:/home/piotr/ros2_ws/install/mycobot_moveit_config:/home/piotr/ros2_ws/install/mycobot_gazebo:/home/piotr/ros2_ws/install/mycobot_description:/home/piotr/ros2_ws/install/mycobot_bringup:/opt/ros/jazzy/opt/gz_sim_vendor:/opt/ros/jazzy/opt/gz_sensors_vendor:/opt/ros/jazzy/opt/gz_physics_vendor:/opt/ros/jazzy/opt/sdformat_vendor:/opt/ros/jazzy/opt/gz_gui_vendor:/opt/ros/jazzy/opt/gz_transport_vendor:/opt/ros/jazzy/opt/gz_rendering_vendor:/opt/ros/jazzy/opt/gz_plugin_vendor:/opt/ros/jazzy/opt/gz_fuel_tools_vendor:/opt/ros/jazzy/opt/gz_msgs_vendor:/opt/ros/jazzy/opt/gz_common_vendor:/opt/ros/jazzy/opt/gz_math_vendor:/opt/ros/jazzy/opt/gz_utils_vendor:/opt/ros/jazzy/opt/gz_tools_vendor:/opt/ros/jazzy/opt/gz_ogre_next_vendor:/opt/ros/jazzy/opt/gz_dartsim_vendor:/opt/ros/jazzy/opt/gz_cmake_vendor:/opt/ros/jazzy DEBUGINFOD_URLS=https://debuginfod.ubuntu.com /usr/bin/cmake --build /home/piotr/ros2_ws/build/yahboom_rosmaster -- -j16 -l16
[2.715s] DEBUG:colcon.colcon_core.event_handler.log_command:Invoked command in '/home/piotr/ros2_ws/build/yahboom_rosmaster' returned '0': AMENT_PREFIX_PATH=/home/piotr/ros2_ws/install/yahboom_rosmaster_system_tests:/home/piotr/ros2_ws/install/yahboom_rosmaster_gazebo:/home/piotr/ros2_ws/install/yahboom_rosmaster_bringup:${AMENT_PREFIX_PATH} CMAKE_PREFIX_PATH=/home/piotr/ros2_ws/install/yahboom_rosmaster_system_tests:/home/piotr/ros2_ws/install/yahboom_rosmaster_gazebo:/home/piotr/ros2_ws/install/yahboom_rosmaster_description:/home/piotr/ros2_ws/install/yahboom_rosmaster_bringup:/home/piotr/ros2_ws/install/yahboom_rosmaster:/home/piotr/ros2_ws/install/mycobot_ros2:/home/piotr/ros2_ws/install/mycobot_system_tests:/home/piotr/ros2_ws/install/mycobot_moveit_config:/home/piotr/ros2_ws/install/mycobot_gazebo:/home/piotr/ros2_ws/install/mycobot_description:/home/piotr/ros2_ws/install/mycobot_bringup:/opt/ros/jazzy/opt/gz_sim_vendor:/opt/ros/jazzy/opt/gz_sensors_vendor:/opt/ros/jazzy/opt/gz_physics_vendor:/opt/ros/jazzy/opt/sdformat_vendor:/opt/ros/jazzy/opt/gz_gui_vendor:/opt/ros/jazzy/opt/gz_transport_vendor:/opt/ros/jazzy/opt/gz_rendering_vendor:/opt/ros/jazzy/opt/gz_plugin_vendor:/opt/ros/jazzy/opt/gz_fuel_tools_vendor:/opt/ros/jazzy/opt/gz_msgs_vendor:/opt/ros/jazzy/opt/gz_common_vendor:/opt/ros/jazzy/opt/gz_math_vendor:/opt/ros/jazzy/opt/gz_utils_vendor:/opt/ros/jazzy/opt/gz_tools_vendor:/opt/ros/jazzy/opt/gz_ogre_next_vendor:/opt/ros/jazzy/opt/gz_dartsim_vendor:/opt/ros/jazzy/opt/gz_cmake_vendor:/opt/ros/jazzy DEBUGINFOD_URLS=https://debuginfod.ubuntu.com /usr/bin/cmake --build /home/piotr/ros2_ws/build/yahboom_rosmaster -- -j16 -l16
[2.716s] DEBUG:colcon.colcon_core.event_handler.log_command:Invoking command in '/home/piotr/ros2_ws/build/yahboom_rosmaster': AMENT_PREFIX_PATH=/home/piotr/ros2_ws/install/yahboom_rosmaster_system_tests:/home/piotr/ros2_ws/install/yahboom_rosmaster_gazebo:/home/piotr/ros2_ws/install/yahboom_rosmaster_bringup:${AMENT_PREFIX_PATH} CMAKE_PREFIX_PATH=/home/piotr/ros2_ws/install/yahboom_rosmaster_system_tests:/home/piotr/ros2_ws/install/yahboom_rosmaster_gazebo:/home/piotr/ros2_ws/install/yahboom_rosmaster_description:/home/piotr/ros2_ws/install/yahboom_rosmaster_bringup:/home/piotr/ros2_ws/install/yahboom_rosmaster:/home/piotr/ros2_ws/install/mycobot_ros2:/home/piotr/ros2_ws/install/mycobot_system_tests:/home/piotr/ros2_ws/install/mycobot_moveit_config:/home/piotr/ros2_ws/install/mycobot_gazebo:/home/piotr/ros2_ws/install/mycobot_description:/home/piotr/ros2_ws/install/mycobot_bringup:/opt/ros/jazzy/opt/gz_sim_vendor:/opt/ros/jazzy/opt/gz_sensors_vendor:/opt/ros/jazzy/opt/gz_physics_vendor:/opt/ros/jazzy/opt/sdformat_vendor:/opt/ros/jazzy/opt/gz_gui_vendor:/opt/ros/jazzy/opt/gz_transport_vendor:/opt/ros/jazzy/opt/gz_rendering_vendor:/opt/ros/jazzy/opt/gz_plugin_vendor:/opt/ros/jazzy/opt/gz_fuel_tools_vendor:/opt/ros/jazzy/opt/gz_msgs_vendor:/opt/ros/jazzy/opt/gz_common_vendor:/opt/ros/jazzy/opt/gz_math_vendor:/opt/ros/jazzy/opt/gz_utils_vendor:/opt/ros/jazzy/opt/gz_tools_vendor:/opt/ros/jazzy/opt/gz_ogre_next_vendor:/opt/ros/jazzy/opt/gz_dartsim_vendor:/opt/ros/jazzy/opt/gz_cmake_vendor:/opt/ros/jazzy DEBUGINFOD_URLS=https://debuginfod.ubuntu.com /usr/bin/cmake --install /home/piotr/ros2_ws/build/yahboom_rosmaster
[2.725s] Level 1:colcon.colcon_core.environment:create_environment_scripts_only(yahboom_rosmaster)
[2.726s] Level 1:colcon.colcon_core.environment:checking '/home/piotr/ros2_ws/install/yahboom_rosmaster' for CMake module files
[2.726s] DEBUG:colcon.colcon_core.event_handler.log_command:Invoked command in '/home/piotr/ros2_ws/build/yahboom_rosmaster' returned '0': AMENT_PREFIX_PATH=/home/piotr/ros2_ws/install/yahboom_rosmaster_system_tests:/home/piotr/ros2_ws/install/yahboom_rosmaster_gazebo:/home/piotr/ros2_ws/install/yahboom_rosmaster_bringup:${AMENT_PREFIX_PATH} CMAKE_PREFIX_PATH=/home/piotr/ros2_ws/install/yahboom_rosmaster_system_tests:/home/piotr/ros2_ws/install/yahboom_rosmaster_gazebo:/home/piotr/ros2_ws/install/yahboom_rosmaster_description:/home/piotr/ros2_ws/install/yahboom_rosmaster_bringup:/home/piotr/ros2_ws/install/yahboom_rosmaster:/home/piotr/ros2_ws/install/mycobot_ros2:/home/piotr/ros2_ws/install/mycobot_system_tests:/home/piotr/ros2_ws/install/mycobot_moveit_config:/home/piotr/ros2_ws/install/mycobot_gazebo:/home/piotr/ros2_ws/install/mycobot_description:/home/piotr/ros2_ws/install/mycobot_bringup:/opt/ros/jazzy/opt/gz_sim_vendor:/opt/ros/jazzy/opt/gz_sensors_vendor:/opt/ros/jazzy/opt/gz_physics_vendor:/opt/ros/jazzy/opt/sdformat_vendor:/opt/ros/jazzy/opt/gz_gui_vendor:/opt/ros/jazzy/opt/gz_transport_vendor:/opt/ros/jazzy/opt/gz_rendering_vendor:/opt/ros/jazzy/opt/gz_plugin_vendor:/opt/ros/jazzy/opt/gz_fuel_tools_vendor:/opt/ros/jazzy/opt/gz_msgs_vendor:/opt/ros/jazzy/opt/gz_common_vendor:/opt/ros/jazzy/opt/gz_math_vendor:/opt/ros/jazzy/opt/gz_utils_vendor:/opt/ros/jazzy/opt/gz_tools_vendor:/opt/ros/jazzy/opt/gz_ogre_next_vendor:/opt/ros/jazzy/opt/gz_dartsim_vendor:/opt/ros/jazzy/opt/gz_cmake_vendor:/opt/ros/jazzy DEBUGINFOD_URLS=https://debuginfod.ubuntu.com /usr/bin/cmake --install /home/piotr/ros2_ws/build/yahboom_rosmaster
[2.726s] Level 1:colcon.colcon_core.environment:checking '/home/piotr/ros2_ws/install/yahboom_rosmaster' for CMake config files
[2.727s] Level 1:colcon.colcon_core.shell:create_environment_hook('yahboom_rosmaster', 'cmake_prefix_path')
[2.727s] INFO:colcon.colcon_core.shell:Creating environment hook '/home/piotr/ros2_ws/install/yahboom_rosmaster/share/yahboom_rosmaster/hook/cmake_prefix_path.ps1'
[2.727s] INFO:colcon.colcon_core.shell:Creating environment descriptor '/home/piotr/ros2_ws/install/yahboom_rosmaster/share/yahboom_rosmaster/hook/cmake_prefix_path.dsv'
[2.727s] INFO:colcon.colcon_core.shell:Creating environment hook '/home/piotr/ros2_ws/install/yahboom_rosmaster/share/yahboom_rosmaster/hook/cmake_prefix_path.sh'
[2.727s] Level 1:colcon.colcon_core.environment:checking '/home/piotr/ros2_ws/install/yahboom_rosmaster/bin'
[2.727s] Level 1:colcon.colcon_core.environment:checking '/home/piotr/ros2_ws/install/yahboom_rosmaster/lib/pkgconfig/yahboom_rosmaster.pc'
[2.728s] Level 1:colcon.colcon_core.environment:checking '/home/piotr/ros2_ws/install/yahboom_rosmaster/lib/python3.12/site-packages'
[2.728s] Level 1:colcon.colcon_core.environment:checking '/home/piotr/ros2_ws/install/yahboom_rosmaster/bin'
[2.728s] INFO:colcon.colcon_core.shell:Creating package script '/home/piotr/ros2_ws/install/yahboom_rosmaster/share/yahboom_rosmaster/package.ps1'
[2.728s] INFO:colcon.colcon_core.shell:Creating package descriptor '/home/piotr/ros2_ws/install/yahboom_rosmaster/share/yahboom_rosmaster/package.dsv'
[2.728s] INFO:colcon.colcon_core.shell:Creating package script '/home/piotr/ros2_ws/install/yahboom_rosmaster/share/yahboom_rosmaster/package.sh'
[2.728s] INFO:colcon.colcon_core.shell:Creating package script '/home/piotr/ros2_ws/install/yahboom_rosmaster/share/yahboom_rosmaster/package.bash'
[2.729s] INFO:colcon.colcon_core.shell:Creating package script '/home/piotr/ros2_ws/install/yahboom_rosmaster/share/yahboom_rosmaster/package.zsh'
[2.729s] Level 1:colcon.colcon_core.environment:create_file_with_runtime_dependencies(/home/piotr/ros2_ws/install/yahboom_rosmaster/share/colcon-core/packages/yahboom_rosmaster)
[2.729s] Level 1:colcon.colcon_core.environment:create_environment_scripts_only(yahboom_rosmaster)
[2.729s] Level 1:colcon.colcon_core.environment:checking '/home/piotr/ros2_ws/install/yahboom_rosmaster' for CMake module files
[2.729s] Level 1:colcon.colcon_core.environment:checking '/home/piotr/ros2_ws/install/yahboom_rosmaster' for CMake config files
[2.729s] Level 1:colcon.colcon_core.shell:create_environment_hook('yahboom_rosmaster', 'cmake_prefix_path')
[2.729s] INFO:colcon.colcon_core.shell:Creating environment hook '/home/piotr/ros2_ws/install/yahboom_rosmaster/share/yahboom_rosmaster/hook/cmake_prefix_path.ps1'
[2.730s] INFO:colcon.colcon_core.shell:Creating environment descriptor '/home/piotr/ros2_ws/install/yahboom_rosmaster/share/yahboom_rosmaster/hook/cmake_prefix_path.dsv'
[2.730s] INFO:colcon.colcon_core.shell:Creating environment hook '/home/piotr/ros2_ws/install/yahboom_rosmaster/share/yahboom_rosmaster/hook/cmake_prefix_path.sh'
[2.730s] Level 1:colcon.colcon_core.environment:checking '/home/piotr/ros2_ws/install/yahboom_rosmaster/bin'
[2.730s] Level 1:colcon.colcon_core.environment:checking '/home/piotr/ros2_ws/install/yahboom_rosmaster/lib/pkgconfig/yahboom_rosmaster.pc'
[2.730s] Level 1:colcon.colcon_core.environment:checking '/home/piotr/ros2_ws/install/yahboom_rosmaster/lib/python3.12/site-packages'
[2.730s] Level 1:colcon.colcon_core.environment:checking '/home/piotr/ros2_ws/install/yahboom_rosmaster/bin'
[2.730s] INFO:colcon.colcon_core.shell:Creating package script '/home/piotr/ros2_ws/install/yahboom_rosmaster/share/yahboom_rosmaster/package.ps1'
[2.731s] INFO:colcon.colcon_core.shell:Creating package descriptor '/home/piotr/ros2_ws/install/yahboom_rosmaster/share/yahboom_rosmaster/package.dsv'
[2.731s] INFO:colcon.colcon_core.shell:Creating package script '/home/piotr/ros2_ws/install/yahboom_rosmaster/share/yahboom_rosmaster/package.sh'
[2.731s] INFO:colcon.colcon_core.shell:Creating package script '/home/piotr/ros2_ws/install/yahboom_rosmaster/share/yahboom_rosmaster/package.bash'
[2.731s] INFO:colcon.colcon_core.shell:Creating package script '/home/piotr/ros2_ws/install/yahboom_rosmaster/share/yahboom_rosmaster/package.zsh'
[2.732s] Level 1:colcon.colcon_core.environment:create_file_with_runtime_dependencies(/home/piotr/ros2_ws/install/yahboom_rosmaster/share/colcon-core/packages/yahboom_rosmaster)
[5.249s] DEBUG:colcon.colcon_core.event_handler.log_command:Invoked command in '/home/piotr/ros2_ws/build/mycobot_system_tests' returned '0': CMAKE_PREFIX_PATH=${CMAKE_PREFIX_PATH}:/opt/ros/jazzy DEBUGINFOD_URLS=https://debuginfod.ubuntu.com /usr/bin/cmake --build /home/piotr/ros2_ws/build/mycobot_system_tests -- -j16 -l16
[5.250s] DEBUG:colcon.colcon_core.event_handler.log_command:Invoking command in '/home/piotr/ros2_ws/build/mycobot_system_tests': CMAKE_PREFIX_PATH=${CMAKE_PREFIX_PATH}:/opt/ros/jazzy DEBUGINFOD_URLS=https://debuginfod.ubuntu.com /usr/bin/cmake --install /home/piotr/ros2_ws/build/mycobot_system_tests
[5.263s] Level 1:colcon.colcon_core.environment:create_environment_scripts_only(mycobot_system_tests)
[5.263s] Level 1:colcon.colcon_core.environment:checking '/home/piotr/ros2_ws/install/mycobot_system_tests' for CMake module files
[5.264s] DEBUG:colcon.colcon_core.event_handler.log_command:Invoked command in '/home/piotr/ros2_ws/build/mycobot_system_tests' returned '0': CMAKE_PREFIX_PATH=${CMAKE_PREFIX_PATH}:/opt/ros/jazzy DEBUGINFOD_URLS=https://debuginfod.ubuntu.com /usr/bin/cmake --install /home/piotr/ros2_ws/build/mycobot_system_tests
[5.264s] Level 1:colcon.colcon_core.environment:checking '/home/piotr/ros2_ws/install/mycobot_system_tests' for CMake config files
[5.264s] Level 1:colcon.colcon_core.shell:create_environment_hook('mycobot_system_tests', 'cmake_prefix_path')
[5.265s] INFO:colcon.colcon_core.shell:Creating environment hook '/home/piotr/ros2_ws/install/mycobot_system_tests/share/mycobot_system_tests/hook/cmake_prefix_path.ps1'
[5.266s] INFO:colcon.colcon_core.shell:Creating environment descriptor '/home/piotr/ros2_ws/install/mycobot_system_tests/share/mycobot_system_tests/hook/cmake_prefix_path.dsv'
[5.266s] INFO:colcon.colcon_core.shell:Creating environment hook '/home/piotr/ros2_ws/install/mycobot_system_tests/share/mycobot_system_tests/hook/cmake_prefix_path.sh'
[5.267s] Level 1:colcon.colcon_core.environment:checking '/home/piotr/ros2_ws/install/mycobot_system_tests/lib'
[5.267s] Level 1:colcon.colcon_core.environment:checking '/home/piotr/ros2_ws/install/mycobot_system_tests/bin'
[5.267s] Level 1:colcon.colcon_core.environment:checking '/home/piotr/ros2_ws/install/mycobot_system_tests/lib/pkgconfig/mycobot_system_tests.pc'
[5.267s] Level 1:colcon.colcon_core.environment:checking '/home/piotr/ros2_ws/install/mycobot_system_tests/lib/python3.12/site-packages'
[5.268s] Level 1:colcon.colcon_core.environment:checking '/home/piotr/ros2_ws/install/mycobot_system_tests/bin'
[5.268s] INFO:colcon.colcon_core.shell:Creating package script '/home/piotr/ros2_ws/install/mycobot_system_tests/share/mycobot_system_tests/package.ps1'
[5.268s] INFO:colcon.colcon_core.shell:Creating package descriptor '/home/piotr/ros2_ws/install/mycobot_system_tests/share/mycobot_system_tests/package.dsv'
[5.268s] INFO:colcon.colcon_core.shell:Creating package script '/home/piotr/ros2_ws/install/mycobot_system_tests/share/mycobot_system_tests/package.sh'
[5.268s] INFO:colcon.colcon_core.shell:Creating package script '/home/piotr/ros2_ws/install/mycobot_system_tests/share/mycobot_system_tests/package.bash'
[5.269s] INFO:colcon.colcon_core.shell:Creating package script '/home/piotr/ros2_ws/install/mycobot_system_tests/share/mycobot_system_tests/package.zsh'
[5.269s] Level 1:colcon.colcon_core.environment:create_file_with_runtime_dependencies(/home/piotr/ros2_ws/install/mycobot_system_tests/share/colcon-core/packages/mycobot_system_tests)
[5.269s] Level 1:colcon.colcon_core.environment:create_environment_scripts_only(mycobot_system_tests)
[5.269s] Level 1:colcon.colcon_core.environment:checking '/home/piotr/ros2_ws/install/mycobot_system_tests' for CMake module files
[5.269s] Level 1:colcon.colcon_core.environment:checking '/home/piotr/ros2_ws/install/mycobot_system_tests' for CMake config files
[5.269s] Level 1:colcon.colcon_core.shell:create_environment_hook('mycobot_system_tests', 'cmake_prefix_path')
[5.270s] INFO:colcon.colcon_core.shell:Creating environment hook '/home/piotr/ros2_ws/install/mycobot_system_tests/share/mycobot_system_tests/hook/cmake_prefix_path.ps1'
[5.270s] INFO:colcon.colcon_core.shell:Creating environment descriptor '/home/piotr/ros2_ws/install/mycobot_system_tests/share/mycobot_system_tests/hook/cmake_prefix_path.dsv'
[5.270s] INFO:colcon.colcon_core.shell:Creating environment hook '/home/piotr/ros2_ws/install/mycobot_system_tests/share/mycobot_system_tests/hook/cmake_prefix_path.sh'
[5.270s] Level 1:colcon.colcon_core.environment:checking '/home/piotr/ros2_ws/install/mycobot_system_tests/lib'
[5.270s] Level 1:colcon.colcon_core.environment:checking '/home/piotr/ros2_ws/install/mycobot_system_tests/bin'
[5.270s] Level 1:colcon.colcon_core.environment:checking '/home/piotr/ros2_ws/install/mycobot_system_tests/lib/pkgconfig/mycobot_system_tests.pc'
[5.270s] Level 1:colcon.colcon_core.environment:checking '/home/piotr/ros2_ws/install/mycobot_system_tests/lib/python3.12/site-packages'
[5.271s] Level 1:colcon.colcon_core.environment:checking '/home/piotr/ros2_ws/install/mycobot_system_tests/bin'
[5.271s] INFO:colcon.colcon_core.shell:Creating package script '/home/piotr/ros2_ws/install/mycobot_system_tests/share/mycobot_system_tests/package.ps1'
[5.271s] INFO:colcon.colcon_core.shell:Creating package descriptor '/home/piotr/ros2_ws/install/mycobot_system_tests/share/mycobot_system_tests/package.dsv'
[5.271s] INFO:colcon.colcon_core.shell:Creating package script '/home/piotr/ros2_ws/install/mycobot_system_tests/share/mycobot_system_tests/package.sh'
[5.271s] INFO:colcon.colcon_core.shell:Creating package script '/home/piotr/ros2_ws/install/mycobot_system_tests/share/mycobot_system_tests/package.bash'
[5.272s] INFO:colcon.colcon_core.shell:Creating package script '/home/piotr/ros2_ws/install/mycobot_system_tests/share/mycobot_system_tests/package.zsh'
[5.272s] Level 1:colcon.colcon_core.environment:create_file_with_runtime_dependencies(/home/piotr/ros2_ws/install/mycobot_system_tests/share/colcon-core/packages/mycobot_system_tests)
[5.272s] INFO:colcon.colcon_ros.task.ament_cmake.build:Building ROS package in '/home/piotr/ros2_ws/src/mycobot_ros2/mycobot_ros2' with build type 'ament_cmake'
[5.272s] INFO:colcon.colcon_cmake.task.cmake.build:Building CMake package in '/home/piotr/ros2_ws/src/mycobot_ros2/mycobot_ros2'
[5.272s] INFO:colcon.colcon_core.shell:Skip shell extension 'powershell' for command environment: Not usable outside of PowerShell
[5.272s] DEBUG:colcon.colcon_core.shell:Skip shell extension 'dsv' for command environment
[5.283s] DEBUG:colcon.colcon_core.event_handler.log_command:Invoking command in '/home/piotr/ros2_ws/build/mycobot_ros2': CMAKE_PREFIX_PATH=/home/piotr/ros2_ws/install/mycobot_system_tests:/home/piotr/ros2_ws/install/mycobot_moveit_config:/home/piotr/ros2_ws/install/mycobot_gazebo:/home/piotr/ros2_ws/install/mycobot_description:/home/piotr/ros2_ws/install/mycobot_bringup:/home/piotr/ros2_ws/install/yahboom_rosmaster:/home/piotr/ros2_ws/install/yahboom_rosmaster_description:/home/piotr/ros2_ws/install/mycobot_ros2:/opt/ros/jazzy/opt/gz_sim_vendor:/opt/ros/jazzy/opt/gz_sensors_vendor:/opt/ros/jazzy/opt/gz_physics_vendor:/opt/ros/jazzy/opt/sdformat_vendor:/opt/ros/jazzy/opt/gz_gui_vendor:/opt/ros/jazzy/opt/gz_transport_vendor:/opt/ros/jazzy/opt/gz_rendering_vendor:/opt/ros/jazzy/opt/gz_plugin_vendor:/opt/ros/jazzy/opt/gz_fuel_tools_vendor:/opt/ros/jazzy/opt/gz_msgs_vendor:/opt/ros/jazzy/opt/gz_common_vendor:/opt/ros/jazzy/opt/gz_math_vendor:/opt/ros/jazzy/opt/gz_utils_vendor:/opt/ros/jazzy/opt/gz_tools_vendor:/opt/ros/jazzy/opt/gz_ogre_next_vendor:/opt/ros/jazzy/opt/gz_dartsim_vendor:/opt/ros/jazzy/opt/gz_cmake_vendor:/opt/ros/jazzy DEBUGINFOD_URLS=https://debuginfod.ubuntu.com /usr/bin/cmake /home/piotr/ros2_ws/src/mycobot_ros2/mycobot_ros2 -DCMAKE_INSTALL_PREFIX=/home/piotr/ros2_ws/install/mycobot_ros2
[5.882s] DEBUG:colcon.colcon_core.event_handler.log_command:Invoked command in '/home/piotr/ros2_ws/build/mycobot_ros2' returned '0': CMAKE_PREFIX_PATH=/home/piotr/ros2_ws/install/mycobot_system_tests:/home/piotr/ros2_ws/install/mycobot_moveit_config:/home/piotr/ros2_ws/install/mycobot_gazebo:/home/piotr/ros2_ws/install/mycobot_description:/home/piotr/ros2_ws/install/mycobot_bringup:/home/piotr/ros2_ws/install/yahboom_rosmaster:/home/piotr/ros2_ws/install/yahboom_rosmaster_description:/home/piotr/ros2_ws/install/mycobot_ros2:/opt/ros/jazzy/opt/gz_sim_vendor:/opt/ros/jazzy/opt/gz_sensors_vendor:/opt/ros/jazzy/opt/gz_physics_vendor:/opt/ros/jazzy/opt/sdformat_vendor:/opt/ros/jazzy/opt/gz_gui_vendor:/opt/ros/jazzy/opt/gz_transport_vendor:/opt/ros/jazzy/opt/gz_rendering_vendor:/opt/ros/jazzy/opt/gz_plugin_vendor:/opt/ros/jazzy/opt/gz_fuel_tools_vendor:/opt/ros/jazzy/opt/gz_msgs_vendor:/opt/ros/jazzy/opt/gz_common_vendor:/opt/ros/jazzy/opt/gz_math_vendor:/opt/ros/jazzy/opt/gz_utils_vendor:/opt/ros/jazzy/opt/gz_tools_vendor:/opt/ros/jazzy/opt/gz_ogre_next_vendor:/opt/ros/jazzy/opt/gz_dartsim_vendor:/opt/ros/jazzy/opt/gz_cmake_vendor:/opt/ros/jazzy DEBUGINFOD_URLS=https://debuginfod.ubuntu.com /usr/bin/cmake /home/piotr/ros2_ws/src/mycobot_ros2/mycobot_ros2 -DCMAKE_INSTALL_PREFIX=/home/piotr/ros2_ws/install/mycobot_ros2
[5.883s] DEBUG:colcon.colcon_core.event_handler.log_command:Invoking command in '/home/piotr/ros2_ws/build/mycobot_ros2': CMAKE_PREFIX_PATH=/home/piotr/ros2_ws/install/mycobot_system_tests:/home/piotr/ros2_ws/install/mycobot_moveit_config:/home/piotr/ros2_ws/install/mycobot_gazebo:/home/piotr/ros2_ws/install/mycobot_description:/home/piotr/ros2_ws/install/mycobot_bringup:/home/piotr/ros2_ws/install/yahboom_rosmaster:/home/piotr/ros2_ws/install/yahboom_rosmaster_description:/home/piotr/ros2_ws/install/mycobot_ros2:/opt/ros/jazzy/opt/gz_sim_vendor:/opt/ros/jazzy/opt/gz_sensors_vendor:/opt/ros/jazzy/opt/gz_physics_vendor:/opt/ros/jazzy/opt/sdformat_vendor:/opt/ros/jazzy/opt/gz_gui_vendor:/opt/ros/jazzy/opt/gz_transport_vendor:/opt/ros/jazzy/opt/gz_rendering_vendor:/opt/ros/jazzy/opt/gz_plugin_vendor:/opt/ros/jazzy/opt/gz_fuel_tools_vendor:/opt/ros/jazzy/opt/gz_msgs_vendor:/opt/ros/jazzy/opt/gz_common_vendor:/opt/ros/jazzy/opt/gz_math_vendor:/opt/ros/jazzy/opt/gz_utils_vendor:/opt/ros/jazzy/opt/gz_tools_vendor:/opt/ros/jazzy/opt/gz_ogre_next_vendor:/opt/ros/jazzy/opt/gz_dartsim_vendor:/opt/ros/jazzy/opt/gz_cmake_vendor:/opt/ros/jazzy DEBUGINFOD_URLS=https://debuginfod.ubuntu.com /usr/bin/cmake --build /home/piotr/ros2_ws/build/mycobot_ros2 -- -j16 -l16
[5.921s] DEBUG:colcon.colcon_core.event_handler.log_command:Invoked command in '/home/piotr/ros2_ws/build/mycobot_ros2' returned '0': CMAKE_PREFIX_PATH=/home/piotr/ros2_ws/install/mycobot_system_tests:/home/piotr/ros2_ws/install/mycobot_moveit_config:/home/piotr/ros2_ws/install/mycobot_gazebo:/home/piotr/ros2_ws/install/mycobot_description:/home/piotr/ros2_ws/install/mycobot_bringup:/home/piotr/ros2_ws/install/yahboom_rosmaster:/home/piotr/ros2_ws/install/yahboom_rosmaster_description:/home/piotr/ros2_ws/install/mycobot_ros2:/opt/ros/jazzy/opt/gz_sim_vendor:/opt/ros/jazzy/opt/gz_sensors_vendor:/opt/ros/jazzy/opt/gz_physics_vendor:/opt/ros/jazzy/opt/sdformat_vendor:/opt/ros/jazzy/opt/gz_gui_vendor:/opt/ros/jazzy/opt/gz_transport_vendor:/opt/ros/jazzy/opt/gz_rendering_vendor:/opt/ros/jazzy/opt/gz_plugin_vendor:/opt/ros/jazzy/opt/gz_fuel_tools_vendor:/opt/ros/jazzy/opt/gz_msgs_vendor:/opt/ros/jazzy/opt/gz_common_vendor:/opt/ros/jazzy/opt/gz_math_vendor:/opt/ros/jazzy/opt/gz_utils_vendor:/opt/ros/jazzy/opt/gz_tools_vendor:/opt/ros/jazzy/opt/gz_ogre_next_vendor:/opt/ros/jazzy/opt/gz_dartsim_vendor:/opt/ros/jazzy/opt/gz_cmake_vendor:/opt/ros/jazzy DEBUGINFOD_URLS=https://debuginfod.ubuntu.com /usr/bin/cmake --build /home/piotr/ros2_ws/build/mycobot_ros2 -- -j16 -l16
[5.922s] DEBUG:colcon.colcon_core.event_handler.log_command:Invoking command in '/home/piotr/ros2_ws/build/mycobot_ros2': CMAKE_PREFIX_PATH=/home/piotr/ros2_ws/install/mycobot_system_tests:/home/piotr/ros2_ws/install/mycobot_moveit_config:/home/piotr/ros2_ws/install/mycobot_gazebo:/home/piotr/ros2_ws/install/mycobot_description:/home/piotr/ros2_ws/install/mycobot_bringup:/home/piotr/ros2_ws/install/yahboom_rosmaster:/home/piotr/ros2_ws/install/yahboom_rosmaster_description:/home/piotr/ros2_ws/install/mycobot_ros2:/opt/ros/jazzy/opt/gz_sim_vendor:/opt/ros/jazzy/opt/gz_sensors_vendor:/opt/ros/jazzy/opt/gz_physics_vendor:/opt/ros/jazzy/opt/sdformat_vendor:/opt/ros/jazzy/opt/gz_gui_vendor:/opt/ros/jazzy/opt/gz_transport_vendor:/opt/ros/jazzy/opt/gz_rendering_vendor:/opt/ros/jazzy/opt/gz_plugin_vendor:/opt/ros/jazzy/opt/gz_fuel_tools_vendor:/opt/ros/jazzy/opt/gz_msgs_vendor:/opt/ros/jazzy/opt/gz_common_vendor:/opt/ros/jazzy/opt/gz_math_vendor:/opt/ros/jazzy/opt/gz_utils_vendor:/opt/ros/jazzy/opt/gz_tools_vendor:/opt/ros/jazzy/opt/gz_ogre_next_vendor:/opt/ros/jazzy/opt/gz_dartsim_vendor:/opt/ros/jazzy/opt/gz_cmake_vendor:/opt/ros/jazzy DEBUGINFOD_URLS=https://debuginfod.ubuntu.com /usr/bin/cmake --install /home/piotr/ros2_ws/build/mycobot_ros2
[5.931s] Level 1:colcon.colcon_core.environment:create_environment_scripts_only(mycobot_ros2)
[5.931s] Level 1:colcon.colcon_core.environment:checking '/home/piotr/ros2_ws/install/mycobot_ros2' for CMake module files
[5.932s] DEBUG:colcon.colcon_core.event_handler.log_command:Invoked command in '/home/piotr/ros2_ws/build/mycobot_ros2' returned '0': CMAKE_PREFIX_PATH=/home/piotr/ros2_ws/install/mycobot_system_tests:/home/piotr/ros2_ws/install/mycobot_moveit_config:/home/piotr/ros2_ws/install/mycobot_gazebo:/home/piotr/ros2_ws/install/mycobot_description:/home/piotr/ros2_ws/install/mycobot_bringup:/home/piotr/ros2_ws/install/yahboom_rosmaster:/home/piotr/ros2_ws/install/yahboom_rosmaster_description:/home/piotr/ros2_ws/install/mycobot_ros2:/opt/ros/jazzy/opt/gz_sim_vendor:/opt/ros/jazzy/opt/gz_sensors_vendor:/opt/ros/jazzy/opt/gz_physics_vendor:/opt/ros/jazzy/opt/sdformat_vendor:/opt/ros/jazzy/opt/gz_gui_vendor:/opt/ros/jazzy/opt/gz_transport_vendor:/opt/ros/jazzy/opt/gz_rendering_vendor:/opt/ros/jazzy/opt/gz_plugin_vendor:/opt/ros/jazzy/opt/gz_fuel_tools_vendor:/opt/ros/jazzy/opt/gz_msgs_vendor:/opt/ros/jazzy/opt/gz_common_vendor:/opt/ros/jazzy/opt/gz_math_vendor:/opt/ros/jazzy/opt/gz_utils_vendor:/opt/ros/jazzy/opt/gz_tools_vendor:/opt/ros/jazzy/opt/gz_ogre_next_vendor:/opt/ros/jazzy/opt/gz_dartsim_vendor:/opt/ros/jazzy/opt/gz_cmake_vendor:/opt/ros/jazzy DEBUGINFOD_URLS=https://debuginfod.ubuntu.com /usr/bin/cmake --install /home/piotr/ros2_ws/build/mycobot_ros2
[5.932s] Level 1:colcon.colcon_core.environment:checking '/home/piotr/ros2_ws/install/mycobot_ros2' for CMake config files
[5.932s] Level 1:colcon.colcon_core.shell:create_environment_hook('mycobot_ros2', 'cmake_prefix_path')
[5.932s] INFO:colcon.colcon_core.shell:Creating environment hook '/home/piotr/ros2_ws/install/mycobot_ros2/share/mycobot_ros2/hook/cmake_prefix_path.ps1'
[5.932s] INFO:colcon.colcon_core.shell:Creating environment descriptor '/home/piotr/ros2_ws/install/mycobot_ros2/share/mycobot_ros2/hook/cmake_prefix_path.dsv'
[5.932s] INFO:colcon.colcon_core.shell:Creating environment hook '/home/piotr/ros2_ws/install/mycobot_ros2/share/mycobot_ros2/hook/cmake_prefix_path.sh'
[5.933s] Level 1:colcon.colcon_core.environment:checking '/home/piotr/ros2_ws/install/mycobot_ros2/bin'
[5.933s] Level 1:colcon.colcon_core.environment:checking '/home/piotr/ros2_ws/install/mycobot_ros2/lib/pkgconfig/mycobot_ros2.pc'
[5.933s] Level 1:colcon.colcon_core.environment:checking '/home/piotr/ros2_ws/install/mycobot_ros2/lib/python3.12/site-packages'
[5.933s] Level 1:colcon.colcon_core.environment:checking '/home/piotr/ros2_ws/install/mycobot_ros2/bin'
[5.933s] INFO:colcon.colcon_core.shell:Creating package script '/home/piotr/ros2_ws/install/mycobot_ros2/share/mycobot_ros2/package.ps1'
[5.933s] INFO:colcon.colcon_core.shell:Creating package descriptor '/home/piotr/ros2_ws/install/mycobot_ros2/share/mycobot_ros2/package.dsv'
[5.934s] INFO:colcon.colcon_core.shell:Creating package script '/home/piotr/ros2_ws/install/mycobot_ros2/share/mycobot_ros2/package.sh'
[5.934s] INFO:colcon.colcon_core.shell:Creating package script '/home/piotr/ros2_ws/install/mycobot_ros2/share/mycobot_ros2/package.bash'
[5.934s] INFO:colcon.colcon_core.shell:Creating package script '/home/piotr/ros2_ws/install/mycobot_ros2/share/mycobot_ros2/package.zsh'
[5.934s] Level 1:colcon.colcon_core.environment:create_file_with_runtime_dependencies(/home/piotr/ros2_ws/install/mycobot_ros2/share/colcon-core/packages/mycobot_ros2)
[5.934s] Level 1:colcon.colcon_core.environment:create_environment_scripts_only(mycobot_ros2)
[5.934s] Level 1:colcon.colcon_core.environment:checking '/home/piotr/ros2_ws/install/mycobot_ros2' for CMake module files
[5.935s] Level 1:colcon.colcon_core.environment:checking '/home/piotr/ros2_ws/install/mycobot_ros2' for CMake config files
[5.935s] Level 1:colcon.colcon_core.shell:create_environment_hook('mycobot_ros2', 'cmake_prefix_path')
[5.935s] INFO:colcon.colcon_core.shell:Creating environment hook '/home/piotr/ros2_ws/install/mycobot_ros2/share/mycobot_ros2/hook/cmake_prefix_path.ps1'
[5.935s] INFO:colcon.colcon_core.shell:Creating environment descriptor '/home/piotr/ros2_ws/install/mycobot_ros2/share/mycobot_ros2/hook/cmake_prefix_path.dsv'
[5.935s] INFO:colcon.colcon_core.shell:Creating environment hook '/home/piotr/ros2_ws/install/mycobot_ros2/share/mycobot_ros2/hook/cmake_prefix_path.sh'
[5.935s] Level 1:colcon.colcon_core.environment:checking '/home/piotr/ros2_ws/install/mycobot_ros2/bin'
[5.935s] Level 1:colcon.colcon_core.environment:checking '/home/piotr/ros2_ws/install/mycobot_ros2/lib/pkgconfig/mycobot_ros2.pc'
[5.936s] Level 1:colcon.colcon_core.environment:checking '/home/piotr/ros2_ws/install/mycobot_ros2/lib/python3.12/site-packages'
[5.936s] Level 1:colcon.colcon_core.environment:checking '/home/piotr/ros2_ws/install/mycobot_ros2/bin'
[5.936s] INFO:colcon.colcon_core.shell:Creating package script '/home/piotr/ros2_ws/install/mycobot_ros2/share/mycobot_ros2/package.ps1'
[5.936s] INFO:colcon.colcon_core.shell:Creating package descriptor '/home/piotr/ros2_ws/install/mycobot_ros2/share/mycobot_ros2/package.dsv'
[5.936s] INFO:colcon.colcon_core.shell:Creating package script '/home/piotr/ros2_ws/install/mycobot_ros2/share/mycobot_ros2/package.sh'
[5.936s] INFO:colcon.colcon_core.shell:Creating package script '/home/piotr/ros2_ws/install/mycobot_ros2/share/mycobot_ros2/package.bash'
[5.937s] INFO:colcon.colcon_core.shell:Creating package script '/home/piotr/ros2_ws/install/mycobot_ros2/share/mycobot_ros2/package.zsh'
[5.937s] Level 1:colcon.colcon_core.environment:create_file_with_runtime_dependencies(/home/piotr/ros2_ws/install/mycobot_ros2/share/colcon-core/packages/mycobot_ros2)
[5.937s] DEBUG:colcon.colcon_parallel_executor.executor.parallel:closing loop
[5.937s] DEBUG:colcon.colcon_parallel_executor.executor.parallel:loop closed
[5.937s] DEBUG:colcon.colcon_parallel_executor.executor.parallel:run_until_complete finished with '0'
[5.937s] DEBUG:colcon.colcon_core.event_reactor:joining thread
[5.943s] INFO:colcon.colcon_core.plugin_system:Skipping extension 'colcon_notification.desktop_notification.terminal_notifier': Not used on non-Darwin systems
[5.943s] INFO:colcon.colcon_core.plugin_system:Skipping extension 'colcon_notification.desktop_notification.win32': Not used on non-Windows systems
[5.943s] INFO:colcon.colcon_notification.desktop_notification:Sending desktop notification using 'notify2'
[5.952s] DEBUG:colcon.colcon_core.event_reactor:joined thread
[5.952s] INFO:colcon.colcon_core.shell:Creating prefix script '/home/piotr/ros2_ws/install/local_setup.ps1'
[5.953s] INFO:colcon.colcon_core.shell:Creating prefix util module '/home/piotr/ros2_ws/install/_local_setup_util_ps1.py'
[5.954s] INFO:colcon.colcon_core.shell:Creating prefix chain script '/home/piotr/ros2_ws/install/setup.ps1'
[5.954s] INFO:colcon.colcon_core.shell:Creating prefix script '/home/piotr/ros2_ws/install/local_setup.sh'
[5.955s] INFO:colcon.colcon_core.shell:Creating prefix util module '/home/piotr/ros2_ws/install/_local_setup_util_sh.py'
[5.955s] INFO:colcon.colcon_core.shell:Creating prefix chain script '/home/piotr/ros2_ws/install/setup.sh'
[5.955s] INFO:colcon.colcon_core.shell:Creating prefix script '/home/piotr/ros2_ws/install/local_setup.bash'
[5.956s] INFO:colcon.colcon_core.shell:Creating prefix chain script '/home/piotr/ros2_ws/install/setup.bash'
[5.956s] INFO:colcon.colcon_core.shell:Creating prefix script '/home/piotr/ros2_ws/install/local_setup.zsh'
[5.956s] INFO:colcon.colcon_core.shell:Creating prefix chain script '/home/piotr/ros2_ws/install/setup.zsh'
